{"schematics":[{"docType":1,"title":"Socket","dataStr":{"head":{"docType":"1","editorVersion":"6.5.22","newgId":true,"c_para":{"Prefix Start":"1"},"c_spiceCmd":"null","hasIdFlag":true,"uuid":"aeac9c7e45614c419bfd8d59d906135c","x":"0","y":"0","portOfADImportHack":"","importFlag":0,"transformList":""},"canvas":"CA~1000~1000~#FFFFFF~yes~#CCCCCC~5~1000~1000~line~5~pixel~5~0~0","shape":["LIB~0~-806~package`NONE`BOM_Manufacturer Part`?`spicePre`.`~~0~frame_lib_1~~~0~~yes~yes~~~#@$T~N~570.5~-809~0~#000080~Arial~~~~~comment~A~0~start~gge78~0~#@$PT~M 206 -796 L 206 -806 M 206 -10 L 206 0 M 402 -796 L 402 -806 M 402 -10 L 402 0 M 598 -796 L 598 -806 M 598 -10 L 598 0 M 794 -796 L 794 -806 M 794 -10 L 794 0 M 990 -796 L 990 -806 M 990 -10 L 990 0 M 10 -600 L 0 -600 M 1139 -600 L 1149 -600 M 10 -404 L 0 -404 M 1139 -404 L 1149 -404 M 10 -208 L 0 -208 M 1139 -208 L 1149 -208 M 10 -12 L 0 -12 M 1139 -12 L 1149 -12~#880000~1~0~none~gge6~0~frame_tick#@$T~P~571.5~-818~0~#000080~Arial~~~~~comment~A~0~start~gge77~0~#@$T~L~1.5~-698~0~#880000~~~~~~comment~A~1~start~gge7~0~frame_tick#@$T~L~1140.5~-698~0~#880000~~~~~~comment~A~1~start~gge9~0~frame_tick#@$T~L~1.5~-502~0~#880000~~~~~~comment~B~1~start~gge11~0~frame_tick#@$T~L~1140.5~-502~0~#880000~~~~~~comment~B~1~start~gge13~0~frame_tick#@$T~L~1.5~-306~0~#880000~~~~~~comment~C~1~start~gge15~0~frame_tick#@$T~L~1140.5~-306~0~#880000~~~~~~comment~C~1~start~gge17~0~frame_tick#@$T~L~1.5~-110~0~#880000~~~~~~comment~D~1~start~gge19~0~frame_tick#@$T~L~1140.5~-110~0~#880000~~~~~~comment~D~1~start~gge21~0~frame_tick#@$T~L~108~-797.5~0~#880000~~~~~~comment~1~1~start~gge23~0~frame_tick#@$T~L~108~-1.5~0~#880000~~~~~~comment~1~1~start~gge25~0~frame_tick#@$T~L~304~-797.5~0~#880000~~~~~~comment~2~1~start~gge27~0~frame_tick#@$T~L~304~-1.5~0~#880000~~~~~~comment~2~1~start~gge29~0~frame_tick#@$T~L~500~-797.5~0~#880000~~~~~~comment~3~1~start~gge31~0~frame_tick#@$T~L~500~-1.5~0~#880000~~~~~~comment~3~1~start~gge33~0~frame_tick#@$T~L~696~-797.5~0~#880000~~~~~~comment~4~1~start~gge35~0~frame_tick#@$T~L~696~-1.5~0~#880000~~~~~~comment~4~1~start~gge37~0~frame_tick#@$T~L~892~-797.5~0~#880000~~~~~~comment~5~1~start~gge39~0~frame_tick#@$T~L~892~-1.5~0~#880000~~~~~~comment~5~1~start~gge41~0~frame_tick#@$R~10~-796~~~1129~786~#880000~1~0~none~gge43~0~frame_innerbox#@$R~0~-806~~~1149~806~#880000~1~0~none~gge44~0~frame_outbox#@$R~694.99995~-90~~~444~80~#880000~1~0~none~gge45~0~frame_hitarea#@$PL~695.1 -50.75 1138.63 -50.75~#880000~1~0~none~gge46~0#@$PL~799.63 -30.75 1138.63 -30.75~#880000~1~0~none~gge47~0#@$PL~1059.61 -89.93 1059.63 -50.75~#880000~1~0~none~gge48~0#@$PL~1059.63 -50.75 1059.63 -30.75~#880000~1~0~none~gge49~0#@$T~L~699.99995~-77~0~#880000~~8pt~~~~comment~TITLE:~1~start~gge50~0~pinpart#@$T~L~757.62495~-64.41~0~#0000FF~~10pt~~~~comment~Socket~1~start~gge52~0~frame_title#@$T~L~1064.62495~-63.75~0~#880000~~8pt~~~~comment~REV:~1~start~gge54~0~pinpart#@$T~L~1102.62495~-63.75~0~#0000FF~~9pt~~~~comment~1~1~start~gge56~0~frame_version#@$T~L~804.62495~-15~0~#880000~~8pt~~~~comment~Date:~1~start~gge58~0~pinpart#@$T~L~851.62495~-14.52~0~#0000FF~~9pt~~~~comment~2023-01-31~1~start~gge60~0~frame_date#@$T~L~1063.62495~-35~0~#880000~~8pt~~~~comment~Sheet:~1~start~gge62~0~pinpart#@$T~L~1108.62495~-34.52~0~#0000FF~~9pt~~~~comment~1\/1~1~start~gge64~0~frame_sheet#@$T~L~943.62495~-14.75~0~#880000~~8pt~~~~comment~Drawn By:~1~start~gge66~0~pinpart#@$T~L~804.62495~-36.75~0~#880000~~8pt~~~~comment~Company:~1~start~gge70~0~pinpart#@$PL~799.63 -50.75 799.63 -10.75~#880000~1~0~none~gge74~0","T~L~765~-110~0~#0000FF~~9pt~~~~comment~B-5870 Socket~1~start~gge4805~0~pinpart","T~L~700~-110~0~#880000~~9pt~undefined~undefined~~comment~BOARD:~1~start~gge4807~0~pinpart","T~L~765~-95~0~#FF0000~~9pt~~~~comment~Use at your own risk~1~start~gge4809~0~pinpart","T~L~700~-95~0~#880000~~9pt~undefined~undefined~~comment~NOTE:~1~start~gge4811~0~pinpart","T~L~700~-125~0~#880000~~9pt~undefined~undefined~~comment~PROJECT:~1~start~gge4813~0~pinpart","T~L~765~-125~0~#0000FF~~9pt~~~~comment~Nixie Calculator~1~start~gge4815~0~pinpart","R~695~-140~~~444~50~#880000~1~0~none~gge4817~0~","LIB~300~-495~package`MY_B5870`BOM_Manufacturer``BOM_Manufacturer Part``BOM_Supplier Part`undefined`BOM_Supplier``link``Contributor`axtario`spicePre`N`spiceSymbolName`MY_B5870`~~0~ggea627a0894d0d5b95~d73d55759e5d4024ab652c822d65dde4~ac7c8c61bd204a87b8549e9986ae2d04~0~~yes~yes~~~#@$T~N~301.53125~-568~0~#000080~Arial~~~~~comment~B5870~1~start~gge5001~0~#@$T~P~301.53125~-576.859375~0~#000080~Arial~~~~~comment~N1~1~start~gge5007~0~#@$PL~320 -555 320 -445~#8d2323~2~0~none~gge5013~0#@$PL~290 -555 290 -445~#8d2323~2~0~none~gge5016~0#@$P~show~0~1~335~-455~0~gge5019~0^^335~-455^^M 335 -455 h -20~#8d2323^^1~312~-452~0~1~end~~~#8d2323^^0~321~-456~0~1~start~~~#8d2323^^0~318~-455^^0~M 315 -458 L 312 -455 L 315 -452#@$P~show~0~2~335~-465~0~gge5040~0^^335~-465^^M 335 -465 h -20~#8d2323^^1~312~-462~0~2~end~~~#8d2323^^0~321~-466~0~2~start~~~#8d2323^^0~318~-465^^0~M 315 -468 L 312 -465 L 315 -462#@$P~show~0~3~335~-475~0~gge5061~0^^335~-475^^M 335 -475 h -20~#8d2323^^1~312~-472~0~3~end~~~#8d2323^^0~321~-476~0~3~start~~~#8d2323^^0~318~-475^^0~M 315 -478 L 312 -475 L 315 -472#@$P~show~0~4~335~-485~0~gge5082~0^^335~-485^^M 335 -485 h -20~#8d2323^^1~312~-482~0~4~end~~~#8d2323^^0~321~-486~0~4~start~~~#8d2323^^0~318~-485^^0~M 315 -488 L 312 -485 L 315 -482#@$P~show~0~5~335~-495~0~gge5103~0^^335~-495^^M 335 -495 h -20~#8d2323^^1~312~-492~0~5~end~~~#8d2323^^0~321~-496~0~5~start~~~#8d2323^^0~318~-495^^0~M 315 -498 L 312 -495 L 315 -492#@$P~show~0~6~335~-505~0~gge5124~0^^335~-505^^M 335 -505 h -20~#8d2323^^1~312~-502~0~6~end~~~#8d2323^^0~321~-506~0~6~start~~~#8d2323^^0~318~-505^^0~M 315 -508 L 312 -505 L 315 -502#@$P~show~0~7~335~-515~0~gge5145~0^^335~-515^^M 335 -515 h -20~#8d2323^^1~312~-512~0~7~end~~~#8d2323^^0~321~-516~0~7~start~~~#8d2323^^0~318~-515^^0~M 315 -518 L 312 -515 L 315 -512#@$P~show~0~8~335~-525~0~gge5166~0^^335~-525^^M 335 -525 h -20~#8d2323^^1~312~-522~0~8~end~~~#8d2323^^0~321~-526~0~8~start~~~#8d2323^^0~318~-525^^0~M 315 -528 L 312 -525 L 315 -522#@$P~show~0~9~335~-535~0~gge5187~0^^335~-535^^M 335 -535 h -20~#8d2323^^1~312~-532~0~9~end~~~#8d2323^^0~321~-536~0~9~start~~~#8d2323^^0~318~-535^^0~M 315 -538 L 312 -535 L 315 -532#@$P~show~0~0~335~-445~0~gge5208~0^^335~-445^^M 335 -445 h -20~#8d2323^^1~312~-442~0~0~end~~~#8d2323^^0~321~-446~0~0~start~~~#8d2323^^0~318~-445^^0~M 315 -448 L 312 -445 L 315 -442#@$P~show~0~A~280~-495~180~gge5229~0^^280~-495^^M 280 -495 h 20~#8d2323^^1~293~-497~0~A~start~~~#8d2323^^0~294~-496~0~A~end~~~#8d2323^^0~297~-495^^0~M 300 -492 L 303 -495 L 300 -498#@$P~show~0~LDP~335~-545~0~gge5250~0^^335~-545^^M 335 -545 h -20~#8d2323^^1~312~-542~0~LDP~end~~~#8d2323^^0~321~-546~0~LDP~start~~~#8d2323^^0~318~-545^^0~M 315 -548 L 312 -545 L 315 -542#@$PL~300 -455 300 -535~#000000~1~0~none~gge5271~0#@$P~show~0~RDP~335~-555~0~gge5274~0^^335~-555^^M 335 -555 h -20~#8d2323^^1~312~-552~0~RDP~end~~~#8d2323^^0~321~-556~0~RDP~start~~~#8d2323^^0~318~-555^^0~M 315 -558 L 312 -555 L 315 -552#@$A~M 290 -555 A 15 10 0 1 1 320 -555~~#8D2323~2~0~none~gge5295~0#@$A~M 320 -445 A 15 10 0 1 1 290 -445~~#8D2323~2~0~none~gge5298~0","F~part_netLabel_netPort~280~-495~0~gge5464~~0^^280~-495^^A~#0000FF~248.47~-491.51~0~start~1~Times New Roman~8pt~flag_gge79^^PL~280 -495 275 -490 260 -490 260 -500 275 -500 280 -495~#0000FF~1~0~transparent~gge5476~0","F~part_netLabel_netPort~335~-555~180~gge5516~~0^^335~-555^^KR~#0000FF~357.26~-551.35~0~~1~Times New Roman~8pt~flag_gge82^^PL~335 -555 340 -560 355 -560 355 -550 340 -550 335 -555~#0000FF~1~0~transparent~gge5528~0","F~part_netLabel_netPort~335~-445~180~gge5590~~0^^335~-445^^K0~#0000FF~371.4375~-441.5~0~end~1~Times New Roman~8pt~flag_gge85^^PL~335 -445 340 -450 355 -450 355 -440 340 -440 335 -445~#0000FF~1~0~transparent~gge5602~0","F~part_netLabel_netPort~335~-455~180~gge5611~~0^^335~-455^^K1~#0000FF~371.5234375~-451.5~0~end~1~Times New Roman~8pt~flag_gge88^^PL~335 -455 340 -460 355 -460 355 -450 340 -450 335 -455~#0000FF~1~0~transparent~gge5623~0","F~part_netLabel_netPort~335~-465~180~gge5632~~0^^335~-465^^K2~#0000FF~371.5234375~-461.5~0~end~1~Times New Roman~8pt~flag_gge91^^PL~335 -465 340 -470 355 -470 355 -460 340 -460 335 -465~#0000FF~1~0~transparent~gge5644~0","F~part_netLabel_netPort~335~-475~180~gge5653~~0^^335~-475^^K3~#0000FF~358.48~-471.5~0~start~1~Times New Roman~8pt~flag_gge94^^PL~335 -475 340 -480 355 -480 355 -470 340 -470 335 -475~#0000FF~1~0~transparent~gge5665~0","F~part_netLabel_netPort~335~-485~180~gge5674~~0^^335~-485^^K4~#0000FF~371.4296875~-481.5~0~end~1~Times New Roman~8pt~flag_gge97^^PL~335 -485 340 -490 355 -490 355 -480 340 -480 335 -485~#0000FF~1~0~transparent~gge5686~0","F~part_netLabel_netPort~335~-495~180~gge5695~~0^^335~-495^^K5~#0000FF~371.5234375~-491.5~0~end~1~Times New Roman~8pt~flag_gge100^^PL~335 -495 340 -500 355 -500 355 -490 340 -490 335 -495~#0000FF~1~0~transparent~gge5707~0","F~part_netLabel_netPort~335~-505~180~gge5716~~0^^335~-505^^K6~#0000FF~371.5234375~-501.5~0~end~1~Times New Roman~8pt~flag_gge103^^PL~335 -505 340 -510 355 -510 355 -500 340 -500 335 -505~#0000FF~1~0~transparent~gge5728~0","F~part_netLabel_netPort~335~-515~180~gge5737~~0^^335~-515^^K7~#0000FF~371.5234375~-511.5~0~end~1~Times New Roman~8pt~flag_gge106^^PL~335 -515 340 -520 355 -520 355 -510 340 -510 335 -515~#0000FF~1~0~transparent~gge5749~0","F~part_netLabel_netPort~335~-525~180~gge5758~~0^^335~-525^^K8~#0000FF~371.5234375~-521.5~0~end~1~Times New Roman~8pt~flag_gge109^^PL~335 -525 340 -530 355 -530 355 -520 340 -520 335 -525~#0000FF~1~0~transparent~gge5770~0","F~part_netLabel_netPort~335~-535~180~gge5779~~0^^335~-535^^K9~#0000FF~371.5234375~-531.5~0~end~1~Times New Roman~8pt~flag_gge112^^PL~335 -535 340 -540 355 -540 355 -530 340 -530 335 -535~#0000FF~1~0~transparent~gge5791~0","F~part_netLabel_netPort~150~-165~0~gge5798~~0^^150~-165^^K4~#0000FF~116.56~-161.35~0~start~1~Times New Roman~8pt~flag_gge115^^PL~150 -165 145 -160 130 -160 130 -170 145 -170 150 -165~#0000FF~1~0~transparent~gge5810~0","F~part_netLabel_netPort~150~-175~0~gge5813~~0^^150~-175^^K5~#0000FF~116.93~-171.34~0~start~1~Times New Roman~8pt~flag_gge118^^PL~150 -175 145 -170 130 -170 130 -180 145 -180 150 -175~#0000FF~1~0~transparent~gge5825~0","F~part_netLabel_netPort~480~-180~0~gge5828~~0^^480~-180^^K6~#0000FF~446.56~-176.35~0~start~1~Times New Roman~8pt~flag_gge121^^PL~480 -180 475 -175 460 -175 460 -185 475 -185 480 -180~#0000FF~1~0~transparent~gge5840~0","F~part_netLabel_netPort~480~-170~0~gge5843~~0^^480~-170^^K2~#0000FF~446.56~-166.35~0~start~1~Times New Roman~8pt~flag_gge124^^PL~480 -170 475 -165 460 -165 460 -175 475 -175 480 -170~#0000FF~1~0~transparent~gge5855~0","F~part_netLabel_netPort~480~-160~0~gge5858~~0^^480~-160^^KR~#0000FF~442.89~-156.5~0~start~1~Times New Roman~8pt~flag_gge127^^PL~480 -160 475 -155 460 -155 460 -165 475 -165 480 -160~#0000FF~1~0~transparent~gge5870~0","F~part_netLabel_netPort~480~-190~0~gge5873~~0^^480~-190^^K0~#0000FF~445.61~-185.02~0~start~1~Times New Roman~8pt~flag_gge130^^PL~480 -190 475 -185 460 -185 460 -195 475 -195 480 -190~#0000FF~1~0~transparent~gge5885~0","F~part_netLabel_netPort~480~-200~0~gge5888~~0^^480~-200^^K9~#0000FF~445.61~-195.02~0~start~1~Times New Roman~8pt~flag_gge133^^PL~480 -200 475 -195 460 -195 460 -205 475 -205 480 -200~#0000FF~1~0~transparent~gge5900~0","F~part_netLabel_netPort~150~-195~0~gge5903~~0^^150~-195^^K1~#0000FF~116.24~-191.5~0~start~1~Times New Roman~8pt~flag_gge136^^PL~150 -195 145 -190 130 -190 130 -200 145 -200 150 -195~#0000FF~1~0~transparent~gge5915~0","F~part_netLabel_netPort~150~-185~0~gge5918~~0^^150~-185^^A~#0000FF~121.24~-181.5~0~start~1~Times New Roman~8pt~flag_gge139^^PL~150 -185 145 -180 130 -180 130 -190 145 -190 150 -185~#0000FF~1~0~transparent~gge5930~0","F~part_netLabel_netPort~480~-210~0~gge5933~~0^^480~-210^^K8~#0000FF~446.94~-206.35~0~start~1~Times New Roman~8pt~flag_gge142^^PL~480 -210 475 -205 460 -205 460 -215 475 -215 480 -210~#0000FF~1~0~transparent~gge5945~0","F~part_netLabel_netPort~150~-205~0~gge5948~~0^^150~-205^^K7~#0000FF~116.56~-201.35~0~start~1~Times New Roman~8pt~flag_gge145^^PL~150 -205 145 -200 130 -200 130 -210 145 -210 150 -205~#0000FF~1~0~transparent~gge5960~0","F~part_netLabel_netPort~150~-215~0~gge5963~~0^^150~-215^^K3~#0000FF~128~-211.57~0~end~1~Times New Roman~8pt~flag_gge148^^PL~150 -215 145 -210 130 -210 130 -220 145 -220 150 -215~#0000FF~1~0~transparent~gge5975~0","LIB~500~-180~package`HDR-M-2.54_1X6`BOM_Supplier Part`C190819`BOM_Supplier`LCSC`BOM_Manufacturer``BOM_Manufacturer Part``Contributor`LCEDA_Lib`spicePre`J`spiceSymbolName`HDR-M-2.54_1x6`~~0~gged6d2e019e352399c~df3ca37cb13d499cb713e9aa6fdd0c7b~93b44d62463c4c9c82dd7108c8ee7d73~0~~yes~yes~~1586865170~#@$T~N~489.07~-223~0~#000080~Arial~~~~~comment~HDR-M-2.54_1x6~1~start~gge5984~0~#@$T~P~489.07~-232.14~0~#000080~Arial~~~~~comment~J2~1~start~gge5990~0~#@$R~490~-220~2~2~20~70~#880000~1~0~none~gge5996~0~#@$P~show~1~1~480~-210~180~gge5999~0^^480~-210^^M 480 -210 h 10~#000000^^1~495~-207~0~1~start~~~#000000^^0~490~-211~0~1~end~~~#000000^^0~487~-210^^0~M 490 -207 L 493 -210 L 490 -213#@$P~show~1~2~480~-200~180~gge6020~0^^480~-200^^M 480 -200 h 10~#000000^^1~495~-197~0~2~start~~~#000000^^0~490~-201~0~2~end~~~#000000^^0~487~-200^^0~M 490 -197 L 493 -200 L 490 -203#@$P~show~1~3~480~-190~180~gge6041~0^^480~-190^^M 480 -190 h 10~#000000^^1~495~-187~0~3~start~~~#000000^^0~490~-191~0~3~end~~~#000000^^0~487~-190^^0~M 490 -187 L 493 -190 L 490 -193#@$P~show~1~4~480~-180~180~gge6062~0^^480~-180^^M 480 -180 h 10~#000000^^1~495~-177~0~4~start~~~#000000^^0~490~-181~0~4~end~~~#000000^^0~487~-180^^0~M 490 -177 L 493 -180 L 490 -183#@$P~show~1~5~480~-170~180~gge6083~0^^480~-170^^M 480 -170 h 10~#000000^^1~495~-167~0~5~start~~~#000000^^0~490~-171~0~5~end~~~#000000^^0~487~-170^^0~M 490 -167 L 493 -170 L 490 -173#@$P~show~1~6~480~-160~180~gge6104~0^^480~-160^^M 480 -160 h 10~#000000^^1~495~-157~0~6~start~~~#000000^^0~490~-161~0~6~end~~~#000000^^0~487~-160^^0~M 490 -157 L 493 -160 L 490 -163","LIB~170~-185~package`HDR-M-2.54_1X6`BOM_Supplier Part`C190819`BOM_Supplier`LCSC`BOM_Manufacturer``BOM_Manufacturer Part``Contributor`LCEDA_Lib`spicePre`J`spiceSymbolName`HDR-M-2.54_1x6`~~0~ggec8fc428ae0891b1f~df3ca37cb13d499cb713e9aa6fdd0c7b~93b44d62463c4c9c82dd7108c8ee7d73~0~~yes~yes~~1586865170~#@$T~N~159.07~-228~0~#000080~Arial~~~~~comment~HDR-M-2.54_1x6~1~start~gge6131~0~#@$T~P~159.07~-237.14~0~#000080~Arial~~~~~comment~J1~1~start~gge6137~0~#@$R~160~-225~2~2~20~70~#880000~1~0~none~gge6143~0~#@$P~show~1~1~150~-215~180~gge6146~0^^150~-215^^M 150 -215 h 10~#000000^^1~165~-212~0~1~start~~~#000000^^0~160~-216~0~1~end~~~#000000^^0~157~-215^^0~M 160 -212 L 163 -215 L 160 -218#@$P~show~1~2~150~-205~180~gge6167~0^^150~-205^^M 150 -205 h 10~#000000^^1~165~-202~0~2~start~~~#000000^^0~160~-206~0~2~end~~~#000000^^0~157~-205^^0~M 160 -202 L 163 -205 L 160 -208#@$P~show~1~3~150~-195~180~gge6188~0^^150~-195^^M 150 -195 h 10~#000000^^1~165~-192~0~3~start~~~#000000^^0~160~-196~0~3~end~~~#000000^^0~157~-195^^0~M 160 -192 L 163 -195 L 160 -198#@$P~show~1~4~150~-185~180~gge6209~0^^150~-185^^M 150 -185 h 10~#000000^^1~165~-182~0~4~start~~~#000000^^0~160~-186~0~4~end~~~#000000^^0~157~-185^^0~M 160 -182 L 163 -185 L 160 -188#@$P~show~1~5~150~-175~180~gge6230~0^^150~-175^^M 150 -175 h 10~#000000^^1~165~-172~0~5~start~~~#000000^^0~160~-176~0~5~end~~~#000000^^0~157~-175^^0~M 160 -172 L 163 -175 L 160 -178#@$P~show~1~6~150~-165~180~gge6251~0^^150~-165^^M 150 -165 h 10~#000000^^1~165~-162~0~6~start~~~#000000^^0~160~-166~0~6~end~~~#000000^^0~157~-165^^0~M 160 -162 L 163 -165 L 160 -168","O~335~-545~gge6275~M 331 -549 L 339 -541 M 339 -549 L 331 -541~#33cc33~0","T~L~1090~-15~0~#0000FF~~9pt~~~~comment~HighVoltGlow~1~end~gge13685~0~frame_title"],"BBox":{"x":0,"y":-806.8,"width":1149,"height":807.4},"colors":[]}}],"docType":5,"title":"Nixie Calculator B-5870 Socket","name":"Nixie Calculator B-5870 Socket"}