{"schematics":[{"docType":1,"title":"LEDs","dataStr":{"head":{"docType":"1","editorVersion":"6.5.22","newgId":true,"c_para":{"Prefix Start":"1"},"c_spiceCmd":null,"hasIdFlag":true},"canvas":"CA~1000~1000~#FFFFFF~yes~#CCCCCC~5~1000~1000~line~5~pixel~5~0~0","shape":["LIB~0~-806~package`NONE`BOM_Manufacturer Part`?`spicePre`.`~~0~frame_lib_1~~~0~~yes~yes~~~#@$T~N~570.5~-809~0~#000080~Arial~~~~~comment~A~0~start~gge223~0~#@$PT~M 206 -796 L 206 -806 M 206 -10 L 206 0 M 402 -796 L 402 -806 M 402 -10 L 402 0 M 598 -796 L 598 -806 M 598 -10 L 598 0 M 794 -796 L 794 -806 M 794 -10 L 794 0 M 990 -796 L 990 -806 M 990 -10 L 990 0 M 10 -600 L 0 -600 M 1139 -600 L 1149 -600 M 10 -404 L 0 -404 M 1139 -404 L 1149 -404 M 10 -208 L 0 -208 M 1139 -208 L 1149 -208 M 10 -12 L 0 -12 M 1139 -12 L 1149 -12~#880000~1~0~none~gge10~0~frame_tick#@$T~P~571.5~-818~0~#000080~Arial~~~~~comment~A~0~start~gge220~0~#@$T~L~1.5~-698~0~#880000~~~~~~comment~A~1~start~gge13~0~frame_tick#@$T~L~1140.5~-698~0~#880000~~~~~~comment~A~1~start~gge19~0~frame_tick#@$T~L~1.5~-502~0~#880000~~~~~~comment~B~1~start~gge25~0~frame_tick#@$T~L~1140.5~-502~0~#880000~~~~~~comment~B~1~start~gge31~0~frame_tick#@$T~L~1.5~-306~0~#880000~~~~~~comment~C~1~start~gge37~0~frame_tick#@$T~L~1140.5~-306~0~#880000~~~~~~comment~C~1~start~gge43~0~frame_tick#@$T~L~1.5~-110~0~#880000~~~~~~comment~D~1~start~gge49~0~frame_tick#@$T~L~1140.5~-110~0~#880000~~~~~~comment~D~1~start~gge55~0~frame_tick#@$T~L~108~-797.5~0~#880000~~~~~~comment~1~1~start~gge61~0~frame_tick#@$T~L~108~-1.5~0~#880000~~~~~~comment~1~1~start~gge67~0~frame_tick#@$T~L~304~-797.5~0~#880000~~~~~~comment~2~1~start~gge73~0~frame_tick#@$T~L~304~-1.5~0~#880000~~~~~~comment~2~1~start~gge79~0~frame_tick#@$T~L~500~-797.5~0~#880000~~~~~~comment~3~1~start~gge85~0~frame_tick#@$T~L~500~-1.5~0~#880000~~~~~~comment~3~1~start~gge91~0~frame_tick#@$T~L~696~-797.5~0~#880000~~~~~~comment~4~1~start~gge97~0~frame_tick#@$T~L~696~-1.5~0~#880000~~~~~~comment~4~1~start~gge103~0~frame_tick#@$T~L~892~-797.5~0~#880000~~~~~~comment~5~1~start~gge109~0~frame_tick#@$T~L~892~-1.5~0~#880000~~~~~~comment~5~1~start~gge115~0~frame_tick#@$R~10~-796~~~1129~786~#880000~1~0~none~gge121~0~frame_innerbox#@$R~0~-806~~~1149~806~#880000~1~0~none~gge124~0~frame_outbox#@$R~694.99995~-90~~~444~80~#880000~1~0~none~gge127~0~frame_hitarea#@$PL~695.1 -50.75 1138.63 -50.75~#880000~1~0~none~gge130~0#@$PL~799.63 -30.75 1138.63 -30.75~#880000~1~0~none~gge133~0#@$PL~1059.61 -89.93 1059.63 -50.75~#880000~1~0~none~gge136~0#@$PL~1059.63 -50.75 1059.63 -30.75~#880000~1~0~none~gge139~0#@$T~L~699.99995~-77~0~#880000~~8pt~~~~comment~TITLE:~1~start~gge142~0~pinpart#@$T~L~757.62495~-64.41~0~#0000FF~~10pt~~~~comment~LEDs~1~start~gge148~0~frame_title#@$T~L~1064.62495~-63.75~0~#880000~~8pt~~~~comment~REV:~1~start~gge154~0~pinpart#@$T~L~1102.62495~-63.75~0~#0000FF~~9pt~~~~comment~1~1~start~gge160~0~frame_version#@$T~L~804.62495~-15~0~#880000~~8pt~~~~comment~Date:~1~start~gge166~0~pinpart#@$T~L~851.62495~-14.52~0~#0000FF~~9pt~~~~comment~2023-02-22~1~start~gge172~0~frame_date#@$T~L~1063.62495~-35~0~#880000~~8pt~~~~comment~Sheet:~1~start~gge178~0~pinpart#@$T~L~1108.62495~-34.52~0~#0000FF~~9pt~~~~comment~1\/1~1~start~gge184~0~frame_sheet#@$T~L~943.62495~-14.75~0~#880000~~8pt~~~~comment~Drawn By:~1~start~gge190~0~pinpart#@$T~L~1008.63~-14.75~0~#0000FF~~9pt~~~~comment~HighVoltGlow~1~start~gge196~0~frame_drawn#@$T~L~804.62495~-36.75~0~#880000~~8pt~~~~comment~Company:~1~start~gge202~0~pinpart#@$PL~799.63 -50.75 799.63 -10.75~#880000~1~0~none~gge214~0","R~695~-140~~~444~50~#880000~1~0~none~gge232~0~","T~L~765~-95~0~#FF0000~~9pt~~~~comment~Use at your own risk~1~start~gge235~0~pinpart","T~L~700~-95~0~#880000~~9pt~undefined~undefined~~comment~NOTE:~1~start~gge241~0~pinpart","T~L~700~-110~0~#880000~~9pt~undefined~undefined~~comment~BOARD:~1~start~gge247~0~pinpart","T~L~765~-110~0~#0000FF~~9pt~~~~comment~LEDs~1~start~gge253~0~pinpart","T~L~765~-125~0~#0000FF~~9pt~~~~comment~Nixie Calculator IN-16~1~start~gge259~0~pinpart","T~L~700~-125~0~#880000~~9pt~undefined~undefined~~comment~PROJECT:~1~start~gge265~0~pinpart","F~part_netLabel_+5V~540~-705~0~gge274~~0^^540~-705^^+5V~#000000~530~-717~0~start~1~Times New Roman~9pt~gge280^^PL~540 -715 540 -705~#000000~1~0~transparent~gge286~0^^PL~535 -715 545 -715~#000000~1~0~transparent~gge289~0","W~260 -705 275 -705 275 -675 290 -675~#008800~1~0~none~gge292~0","F~part_netLabel_gNd~260~-675~0~gge295~~0^^260~-675^^GND~#000080~250~-691.5~0~start~0~Times New Roman~9pt~gge301^^R~250~-665~~~19~1~#000000~1~0~#000000~gge307~0~^^PL~260 -675 260 -665~#000000~1~0~transparent~gge310~0","LIB~220~-695~package`SK6812-5050-IC-HAND`BOM_Manufacturer``BOM_Manufacturer Part`?`BOM_Supplier Part``BOM_Supplier``link``Contributor`peut`spicePre`D`~~0~gge0b466d7a0d9696a1~7b211bfd591a4502ab9b00e4412f5930~4298662b20ba418db865a7a9f9b40f12~0~~yes~yes~~~#@$T~N~214.03125~-725~0~#000080~Arial~~~~~comment~SK6812~1~start~gge319~0~#@$T~P~214.03125~-734.15625~0~#000080~Arial~~~~~comment~D6~1~start~gge325~0~#@$P~show~0~1~260~-675~0~gge331~0^^260~-675^^M 260 -675 h -20~#880000^^1~239~-672~0~GND~end~~5.5pt~#0000FF^^1~245~-676~0~1~start~~5.5pt~#0000FF^^0~243~-675^^0~M 240 -678 L 237 -675 L 240 -672#@$P~show~0~2~260~-705~0~gge352~0^^260~-705^^M 260 -705 h -20~#880000^^1~240~-701~0~DIN~end~~5.5pt~#0000FF^^1~245~-706~0~2~start~~5.5pt~#0000FF^^0~243~-705^^0~M 240 -708 L 237 -705 L 240 -702#@$P~show~0~3~180~-705~180~gge373~0^^180~-705^^M 180 -705 h 20~#880000^^1~202~-701~0~VDD~start~~5.5pt~#0000FF^^1~195~-706~0~3~end~~5.5pt~#0000FF^^0~197~-705^^0~M 200 -702 L 203 -705 L 200 -708#@$P~show~0~4~180~-675~180~gge394~0^^180~-675^^M 180 -675 h 20~#880000^^1~200~-672~0~DOUT~start~~5.5pt~#0000FF^^1~195~-676~0~4~end~~5.5pt~#0000FF^^0~197~-675^^0~M 200 -672 L 203 -675 L 200 -678#@$R~200~-710~~~40~40~#000000~1~0~none~gge415~0~#@$PL~240 -685 225 -670~#CCCCCC~1~0~none~gge418~0#@$E~220~-690~6.5~6.5~#CCCCCC~1~0~none~gge421~0#@$PL~220 -712 230 -722 230 -719 227 -722 230 -722 229 -720 228 -722~#000000~1~0~none~gge424~0#@$PL~225 -712 235 -722 235 -719 232 -722 235 -722 234 -720 233 -722~#000000~1~0~none~gge427~0#@$PL~215 -712 225 -722 225 -719 222 -722 225 -722 224 -720 223 -722~#000000~1~0~none~gge430~0","F~part_netLabel_+5V~180~-705~0~gge433~~0^^180~-705^^+5V~#000000~170~-717~0~start~1~Times New Roman~9pt~gge439^^PL~180 -715 180 -705~#000000~1~0~transparent~gge445~0^^PL~175 -715 185 -715~#000000~1~0~transparent~gge448~0","F~part_netLabel_+5V~290~-705~0~gge451~~0^^290~-705^^+5V~#000000~280~-717~0~start~1~Times New Roman~9pt~gge457^^PL~290 -715 290 -705~#000000~1~0~transparent~gge463~0^^PL~285 -715 295 -715~#000000~1~0~transparent~gge466~0","W~540 -675 540 -690 520 -690 520 -705 500 -705~#008800~1~0~none~gge469~0","W~370 -705 395 -705 395 -675 420 -675~#008800~1~0~none~gge472~0","LIB~330~-695~package`SK6812-5050-IC-HAND`BOM_Manufacturer``BOM_Manufacturer Part`?`BOM_Supplier Part``BOM_Supplier``link``Contributor`peut`spicePre`D`~~0~ggeaa27cf4c2f614704~7b211bfd591a4502ab9b00e4412f5930~4298662b20ba418db865a7a9f9b40f12~0~~yes~yes~~~#@$T~N~324.03125~-725~0~#000080~Arial~~~~~comment~SK6812~1~start~gge481~0~#@$T~P~324.03125~-734.15625~0~#000080~Arial~~~~~comment~D5~1~start~gge487~0~#@$P~show~0~1~370~-675~0~gge493~0^^370~-675^^M 370 -675 h -20~#880000^^1~349~-672~0~GND~end~~5.5pt~#0000FF^^1~355~-676~0~1~start~~5.5pt~#0000FF^^0~353~-675^^0~M 350 -678 L 347 -675 L 350 -672#@$P~show~0~2~370~-705~0~gge514~0^^370~-705^^M 370 -705 h -20~#880000^^1~350~-701~0~DIN~end~~5.5pt~#0000FF^^1~355~-706~0~2~start~~5.5pt~#0000FF^^0~353~-705^^0~M 350 -708 L 347 -705 L 350 -702#@$P~show~0~3~290~-705~180~gge535~0^^290~-705^^M 290 -705 h 20~#880000^^1~312~-701~0~VDD~start~~5.5pt~#0000FF^^1~305~-706~0~3~end~~5.5pt~#0000FF^^0~307~-705^^0~M 310 -702 L 313 -705 L 310 -708#@$P~show~0~4~290~-675~180~gge556~0^^290~-675^^M 290 -675 h 20~#880000^^1~310~-672~0~DOUT~start~~5.5pt~#0000FF^^1~305~-676~0~4~end~~5.5pt~#0000FF^^0~307~-675^^0~M 310 -672 L 313 -675 L 310 -678#@$R~310~-710~~~40~40~#000000~1~0~none~gge577~0~#@$PL~350 -685 335 -670~#CCCCCC~1~0~none~gge580~0#@$E~330~-690~6.5~6.5~#CCCCCC~1~0~none~gge583~0#@$PL~330 -712 340 -722 340 -719 337 -722 340 -722 339 -720 338 -722~#000000~1~0~none~gge586~0#@$PL~335 -712 345 -722 345 -719 342 -722 345 -722 344 -720 343 -722~#000000~1~0~none~gge589~0#@$PL~325 -712 335 -722 335 -719 332 -722 335 -722 334 -720 333 -722~#000000~1~0~none~gge592~0","F~part_netLabel_gNd~370~-675~0~gge595~~0^^370~-675^^GND~#000080~360~-691.5~0~start~0~Times New Roman~9pt~gge601^^R~360~-665~~~19~1~#000000~1~0~#000000~gge607~0~^^PL~370 -675 370 -665~#000000~1~0~transparent~gge610~0","LIB~460~-695~package`SK6812-5050-IC-HAND`BOM_Manufacturer``BOM_Manufacturer Part`?`BOM_Supplier Part``BOM_Supplier``link``Contributor`peut`spicePre`D`~~0~gge6a4368da87585c93~7b211bfd591a4502ab9b00e4412f5930~4298662b20ba418db865a7a9f9b40f12~0~~yes~yes~~~#@$T~N~454.03125~-725~0~#000080~Arial~~~~~comment~SK6812~1~start~gge619~0~#@$T~P~454.03125~-734.15625~0~#000080~Arial~~~~~comment~D4~1~start~gge625~0~#@$P~show~0~1~500~-675~0~gge631~0^^500~-675^^M 500 -675 h -20~#880000^^1~479~-672~0~GND~end~~5.5pt~#0000FF^^1~485~-676~0~1~start~~5.5pt~#0000FF^^0~483~-675^^0~M 480 -678 L 477 -675 L 480 -672#@$P~show~0~2~500~-705~0~gge652~0^^500~-705^^M 500 -705 h -20~#880000^^1~480~-701~0~DIN~end~~5.5pt~#0000FF^^1~485~-706~0~2~start~~5.5pt~#0000FF^^0~483~-705^^0~M 480 -708 L 477 -705 L 480 -702#@$P~show~0~3~420~-705~180~gge673~0^^420~-705^^M 420 -705 h 20~#880000^^1~442~-701~0~VDD~start~~5.5pt~#0000FF^^1~435~-706~0~3~end~~5.5pt~#0000FF^^0~437~-705^^0~M 440 -702 L 443 -705 L 440 -708#@$P~show~0~4~420~-675~180~gge694~0^^420~-675^^M 420 -675 h 20~#880000^^1~440~-672~0~DOUT~start~~5.5pt~#0000FF^^1~435~-676~0~4~end~~5.5pt~#0000FF^^0~437~-675^^0~M 440 -672 L 443 -675 L 440 -678#@$R~440~-710~~~40~40~#000000~1~0~none~gge715~0~#@$PL~480 -685 465 -670~#CCCCCC~1~0~none~gge718~0#@$E~460~-690~6.5~6.5~#CCCCCC~1~0~none~gge721~0#@$PL~460 -712 470 -722 470 -719 467 -722 470 -722 469 -720 468 -722~#000000~1~0~none~gge724~0#@$PL~465 -712 475 -722 475 -719 472 -722 475 -722 474 -720 473 -722~#000000~1~0~none~gge727~0#@$PL~455 -712 465 -722 465 -719 462 -722 465 -722 464 -720 463 -722~#000000~1~0~none~gge730~0","F~part_netLabel_+5V~420~-705~0~gge733~~0^^420~-705^^+5V~#000000~410~-717~0~start~1~Times New Roman~9pt~gge739^^PL~420 -715 420 -705~#000000~1~0~transparent~gge745~0^^PL~415 -715 425 -715~#000000~1~0~transparent~gge748~0","F~part_netLabel_gNd~500~-675~0~gge751~~0^^500~-675^^GND~#000080~490~-691.5~0~start~0~Times New Roman~9pt~gge757^^R~490~-665~~~19~1~#000000~1~0~#000000~gge763~0~^^PL~500 -675 500 -665~#000000~1~0~transparent~gge766~0","F~part_netLabel_gNd~885~-675~0~gge769~~0^^885~-675^^GND~#000080~875~-691.5~0~start~0~Times New Roman~9pt~gge775^^R~875~-665~~~19~1~#000000~1~0~#000000~gge781~0~^^PL~885 -675 885 -665~#000000~1~0~transparent~gge784~0","F~part_netLabel_+5V~805~-705~0~gge787~~0^^805~-705^^+5V~#000000~795~-717~0~start~1~Times New Roman~9pt~gge793^^PL~805 -715 805 -705~#000000~1~0~transparent~gge799~0^^PL~800 -715 810 -715~#000000~1~0~transparent~gge802~0","LIB~845~-695~package`SK6812-5050-IC-HAND`BOM_Manufacturer``BOM_Manufacturer Part`?`BOM_Supplier Part``BOM_Supplier``link``Contributor`peut`spicePre`D`~~0~gge6eb2f7ba7a12821c~7b211bfd591a4502ab9b00e4412f5930~4298662b20ba418db865a7a9f9b40f12~0~~yes~yes~~~#@$T~N~839.03125~-725~0~#000080~Arial~~~~~comment~SK6812~1~start~gge811~0~#@$T~P~839.03125~-734.15625~0~#000080~Arial~~~~~comment~D1~1~start~gge817~0~#@$P~show~0~1~885~-675~0~gge823~0^^885~-675^^M 885 -675 h -20~#880000^^1~864~-672~0~GND~end~~5.5pt~#0000FF^^1~870~-676~0~1~start~~5.5pt~#0000FF^^0~868~-675^^0~M 865 -678 L 862 -675 L 865 -672#@$P~show~0~2~885~-705~0~gge844~0^^885~-705^^M 885 -705 h -20~#880000^^1~865~-701~0~DIN~end~~5.5pt~#0000FF^^1~870~-706~0~2~start~~5.5pt~#0000FF^^0~868~-705^^0~M 865 -708 L 862 -705 L 865 -702#@$P~show~0~3~805~-705~180~gge865~0^^805~-705^^M 805 -705 h 20~#880000^^1~827~-701~0~VDD~start~~5.5pt~#0000FF^^1~820~-706~0~3~end~~5.5pt~#0000FF^^0~822~-705^^0~M 825 -702 L 828 -705 L 825 -708#@$P~show~0~4~805~-675~180~gge886~0^^805~-675^^M 805 -675 h 20~#880000^^1~825~-672~0~DOUT~start~~5.5pt~#0000FF^^1~820~-676~0~4~end~~5.5pt~#0000FF^^0~822~-675^^0~M 825 -672 L 828 -675 L 825 -678#@$R~825~-710~~~40~40~#000000~1~0~none~gge907~0~#@$PL~865 -685 850 -670~#CCCCCC~1~0~none~gge910~0#@$E~845~-690~6.5~6.5~#CCCCCC~1~0~none~gge913~0#@$PL~845 -712 855 -722 855 -719 852 -722 855 -722 854 -720 853 -722~#000000~1~0~none~gge916~0#@$PL~850 -712 860 -722 860 -719 857 -722 860 -722 859 -720 858 -722~#000000~1~0~none~gge919~0#@$PL~840 -712 850 -722 850 -719 847 -722 850 -722 849 -720 848 -722~#000000~1~0~none~gge922~0","F~part_netLabel_gNd~750~-675~0~gge925~~0^^750~-675^^GND~#000080~740~-691.5~0~start~0~Times New Roman~9pt~gge931^^R~740~-665~~~19~1~#000000~1~0~#000000~gge937~0~^^PL~750 -675 750 -665~#000000~1~0~transparent~gge940~0","F~part_netLabel_+5V~670~-705~0~gge943~~0^^670~-705^^+5V~#000000~660~-717~0~start~1~Times New Roman~9pt~gge949^^PL~670 -715 670 -705~#000000~1~0~transparent~gge955~0^^PL~665 -715 675 -715~#000000~1~0~transparent~gge958~0","LIB~710~-695~package`SK6812-5050-IC-HAND`BOM_Manufacturer``BOM_Manufacturer Part`?`BOM_Supplier Part``BOM_Supplier``link``Contributor`peut`spicePre`D`~~0~ggecca08e5caf06c018~7b211bfd591a4502ab9b00e4412f5930~4298662b20ba418db865a7a9f9b40f12~0~~yes~yes~~~#@$T~N~704.03125~-725~0~#000080~Arial~~~~~comment~SK6812~1~start~gge967~0~#@$T~P~704.03125~-734.15625~0~#000080~Arial~~~~~comment~D2~1~start~gge973~0~#@$P~show~0~1~750~-675~0~gge979~0^^750~-675^^M 750 -675 h -20~#880000^^1~729~-672~0~GND~end~~5.5pt~#0000FF^^1~735~-676~0~1~start~~5.5pt~#0000FF^^0~733~-675^^0~M 730 -678 L 727 -675 L 730 -672#@$P~show~0~2~750~-705~0~gge1000~0^^750~-705^^M 750 -705 h -20~#880000^^1~730~-701~0~DIN~end~~5.5pt~#0000FF^^1~735~-706~0~2~start~~5.5pt~#0000FF^^0~733~-705^^0~M 730 -708 L 727 -705 L 730 -702#@$P~show~0~3~670~-705~180~gge1021~0^^670~-705^^M 670 -705 h 20~#880000^^1~692~-701~0~VDD~start~~5.5pt~#0000FF^^1~685~-706~0~3~end~~5.5pt~#0000FF^^0~687~-705^^0~M 690 -702 L 693 -705 L 690 -708#@$P~show~0~4~670~-675~180~gge1042~0^^670~-675^^M 670 -675 h 20~#880000^^1~690~-672~0~DOUT~start~~5.5pt~#0000FF^^1~685~-676~0~4~end~~5.5pt~#0000FF^^0~687~-675^^0~M 690 -672 L 693 -675 L 690 -678#@$R~690~-710~~~40~40~#000000~1~0~none~gge1063~0~#@$PL~730 -685 715 -670~#CCCCCC~1~0~none~gge1066~0#@$E~710~-690~6.5~6.5~#CCCCCC~1~0~none~gge1069~0#@$PL~710 -712 720 -722 720 -719 717 -722 720 -722 719 -720 718 -722~#000000~1~0~none~gge1072~0#@$PL~715 -712 725 -722 725 -719 722 -722 725 -722 724 -720 723 -722~#000000~1~0~none~gge1075~0#@$PL~705 -712 715 -722 715 -719 712 -722 715 -722 714 -720 713 -722~#000000~1~0~none~gge1078~0","F~part_netLabel_gNd~620~-675~0~gge1081~~0^^620~-675^^GND~#000080~610~-691.5~0~start~0~Times New Roman~9pt~gge1087^^R~610~-665~~~19~1~#000000~1~0~#000000~gge1093~0~^^PL~620 -675 620 -665~#000000~1~0~transparent~gge1096~0","LIB~580~-695~package`SK6812-5050-IC-HAND`BOM_Manufacturer``BOM_Manufacturer Part`?`BOM_Supplier Part``BOM_Supplier``link``Contributor`peut`spicePre`D`~~0~gge81689f1d3303caec~7b211bfd591a4502ab9b00e4412f5930~4298662b20ba418db865a7a9f9b40f12~0~~yes~yes~~~#@$T~N~574.03125~-725~0~#000080~Arial~~~~~comment~SK6812~1~start~gge1105~0~#@$T~P~574.03125~-734.15625~0~#000080~Arial~~~~~comment~D3~1~start~gge1111~0~#@$P~show~0~1~620~-675~0~gge1117~0^^620~-675^^M 620 -675 h -20~#880000^^1~599~-672~0~GND~end~~5.5pt~#0000FF^^1~605~-676~0~1~start~~5.5pt~#0000FF^^0~603~-675^^0~M 600 -678 L 597 -675 L 600 -672#@$P~show~0~2~620~-705~0~gge1138~0^^620~-705^^M 620 -705 h -20~#880000^^1~600~-701~0~DIN~end~~5.5pt~#0000FF^^1~605~-706~0~2~start~~5.5pt~#0000FF^^0~603~-705^^0~M 600 -708 L 597 -705 L 600 -702#@$P~show~0~3~540~-705~180~gge1159~0^^540~-705^^M 540 -705 h 20~#880000^^1~562~-701~0~VDD~start~~5.5pt~#0000FF^^1~555~-706~0~3~end~~5.5pt~#0000FF^^0~557~-705^^0~M 560 -702 L 563 -705 L 560 -708#@$P~show~0~4~540~-675~180~gge1180~0^^540~-675^^M 540 -675 h 20~#880000^^1~560~-672~0~DOUT~start~~5.5pt~#0000FF^^1~555~-676~0~4~end~~5.5pt~#0000FF^^0~557~-675^^0~M 560 -672 L 563 -675 L 560 -678#@$R~560~-710~~~40~40~#000000~1~0~none~gge1201~0~#@$PL~600 -685 585 -670~#CCCCCC~1~0~none~gge1204~0#@$E~580~-690~6.5~6.5~#CCCCCC~1~0~none~gge1207~0#@$PL~580 -712 590 -722 590 -719 587 -722 590 -722 589 -720 588 -722~#000000~1~0~none~gge1210~0#@$PL~585 -712 595 -722 595 -719 592 -722 595 -722 594 -720 593 -722~#000000~1~0~none~gge1213~0#@$PL~575 -712 585 -722 585 -719 582 -722 585 -722 584 -720 583 -722~#000000~1~0~none~gge1216~0","W~750 -705 780 -705 780 -675 805 -675~#008800~1~0~none~gge1219~0","W~620 -705 645 -705 645 -675 670 -675~#008800~1~0~none~gge1222~0","F~part_netLabel_netPort~885~-705~180~gge1225~~0^^885~-705^^LEDCTL~#0000FF~906.11~-702.85~0~start~1~Times New Roman~8pt~gge1231^^PL~885 -705 890 -710 905 -710 905 -700 890 -700 885 -705~#0000FF~1~0~transparent~gge1237~0","F~part_netLabel_+5V~55~-705~0~gge1240~~0^^55~-705^^+5V~#000000~45~-717~0~start~1~Times New Roman~9pt~gge1246^^PL~55 -715 55 -705~#000000~1~0~transparent~gge1252~0^^PL~50 -715 60 -715~#000000~1~0~transparent~gge1255~0","LIB~95~-695~package`SK6812-5050-IC-HAND`BOM_Manufacturer``BOM_Manufacturer Part`?`BOM_Supplier Part``BOM_Supplier``link``Contributor`peut`spicePre`D`~~0~ggeba0238d00e5405d6~7b211bfd591a4502ab9b00e4412f5930~4298662b20ba418db865a7a9f9b40f12~0~~yes~yes~~~#@$T~N~89.03125~-725~0~#000080~Arial~~~~~comment~SK6812~1~start~gge1264~0~#@$T~P~89.03125~-734.15625~0~#000080~Arial~~~~~comment~D7~1~start~gge1270~0~#@$P~show~0~1~135~-675~0~gge1276~0^^135~-675^^M 135 -675 h -20~#880000^^1~114~-672~0~GND~end~~5.5pt~#0000FF^^1~120~-676~0~1~start~~5.5pt~#0000FF^^0~118~-675^^0~M 115 -678 L 112 -675 L 115 -672#@$P~show~0~2~135~-705~0~gge1297~0^^135~-705^^M 135 -705 h -20~#880000^^1~115~-701~0~DIN~end~~5.5pt~#0000FF^^1~120~-706~0~2~start~~5.5pt~#0000FF^^0~118~-705^^0~M 115 -708 L 112 -705 L 115 -702#@$P~show~0~3~55~-705~180~gge1318~0^^55~-705^^M 55 -705 h 20~#880000^^1~77~-701~0~VDD~start~~5.5pt~#0000FF^^1~70~-706~0~3~end~~5.5pt~#0000FF^^0~72~-705^^0~M 75 -702 L 78 -705 L 75 -708#@$P~show~0~4~55~-675~180~gge1339~0^^55~-675^^M 55 -675 h 20~#880000^^1~75~-672~0~DOUT~start~~5.5pt~#0000FF^^1~70~-676~0~4~end~~5.5pt~#0000FF^^0~72~-675^^0~M 75 -672 L 78 -675 L 75 -678#@$R~75~-710~~~40~40~#000000~1~0~none~gge1360~0~#@$PL~115 -685 100 -670~#CCCCCC~1~0~none~gge1363~0#@$E~95~-690~6.5~6.5~#CCCCCC~1~0~none~gge1366~0#@$PL~95 -712 105 -722 105 -719 102 -722 105 -722 104 -720 103 -722~#000000~1~0~none~gge1369~0#@$PL~100 -712 110 -722 110 -719 107 -722 110 -722 109 -720 108 -722~#000000~1~0~none~gge1372~0#@$PL~90 -712 100 -722 100 -719 97 -722 100 -722 99 -720 98 -722~#000000~1~0~none~gge1375~0","F~part_netLabel_gNd~135~-675~0~gge1378~~0^^135~-675^^GND~#000080~125~-691.5~0~start~0~Times New Roman~9pt~gge1384^^R~125~-665~~~19~1~#000000~1~0~#000000~gge1390~0~^^PL~135 -675 135 -665~#000000~1~0~transparent~gge1393~0","W~135 -705 160 -705 160 -675 180 -675~#008800~1~0~none~gge1396~0","F~part_netLabel_gNd~1045~-575~0~gge1399~~0^^1045~-575^^GND~#000080~1035~-591.5~0~start~0~Times New Roman~9pt~gge1405^^R~1035~-565~~~19~1~#000000~1~0~#000000~gge1411~0~^^PL~1045 -575 1045 -565~#000000~1~0~transparent~gge1414~0","LIB~1005~-595~package`SK6812-5050-IC-HAND`BOM_Manufacturer``BOM_Manufacturer Part`?`BOM_Supplier Part``BOM_Supplier``link``Contributor`peut`spicePre`D`~~0~gge07e9db1b45a1b186~7b211bfd591a4502ab9b00e4412f5930~4298662b20ba418db865a7a9f9b40f12~0~~yes~yes~~~#@$T~N~999.03125~-625~0~#000080~Arial~~~~~comment~SK6812~1~start~gge1423~0~#@$T~P~999.03125~-634.15625~0~#000080~Arial~~~~~comment~D8~1~start~gge1429~0~#@$P~show~0~1~1045~-575~0~gge1435~0^^1045~-575^^M 1045 -575 h -20~#880000^^1~1024~-572~0~GND~end~~5.5pt~#0000FF^^1~1030~-576~0~1~start~~5.5pt~#0000FF^^0~1028~-575^^0~M 1025 -578 L 1022 -575 L 1025 -572#@$P~show~0~2~1045~-605~0~gge1456~0^^1045~-605^^M 1045 -605 h -20~#880000^^1~1025~-601~0~DIN~end~~5.5pt~#0000FF^^1~1030~-606~0~2~start~~5.5pt~#0000FF^^0~1028~-605^^0~M 1025 -608 L 1022 -605 L 1025 -602#@$P~show~0~3~965~-605~180~gge1477~0^^965~-605^^M 965 -605 h 20~#880000^^1~987~-601~0~VDD~start~~5.5pt~#0000FF^^1~980~-606~0~3~end~~5.5pt~#0000FF^^0~982~-605^^0~M 985 -602 L 988 -605 L 985 -608#@$P~show~0~4~965~-575~180~gge1498~0^^965~-575^^M 965 -575 h 20~#880000^^1~985~-572~0~DOUT~start~~5.5pt~#0000FF^^1~980~-576~0~4~end~~5.5pt~#0000FF^^0~982~-575^^0~M 985 -572 L 988 -575 L 985 -578#@$R~985~-610~~~40~40~#000000~1~0~none~gge1519~0~#@$PL~1025 -585 1010 -570~#CCCCCC~1~0~none~gge1522~0#@$E~1005~-590~6.5~6.5~#CCCCCC~1~0~none~gge1525~0#@$PL~1005 -612 1015 -622 1015 -619 1012 -622 1015 -622 1014 -620 1013 -622~#000000~1~0~none~gge1528~0#@$PL~1010 -612 1020 -622 1020 -619 1017 -622 1020 -622 1019 -620 1018 -622~#000000~1~0~none~gge1531~0#@$PL~1000 -612 1010 -622 1010 -619 1007 -622 1010 -622 1009 -620 1008 -622~#000000~1~0~none~gge1534~0","F~part_netLabel_+5V~965~-605~0~gge1537~~0^^965~-605^^+5V~#000000~955~-617~0~start~1~Times New Roman~9pt~gge1543^^PL~965 -615 965 -605~#000000~1~0~transparent~gge1549~0^^PL~960 -615 970 -615~#000000~1~0~transparent~gge1552~0","F~part_netLabel_gNd~885~-570~0~gge1555~~0^^885~-570^^GND~#000080~875~-586.5~0~start~0~Times New Roman~9pt~gge1561^^R~875~-560~~~19~1~#000000~1~0~#000000~gge1567~0~^^PL~885 -570 885 -560~#000000~1~0~transparent~gge1570~0","LIB~845~-590~package`SK6812-5050-IC-HAND`BOM_Manufacturer``BOM_Manufacturer Part`?`BOM_Supplier Part``BOM_Supplier``link``Contributor`peut`spicePre`D`~~0~gge05375e4b5ccef0eb~7b211bfd591a4502ab9b00e4412f5930~4298662b20ba418db865a7a9f9b40f12~0~~yes~yes~~~#@$T~N~839.03125~-620~0~#000080~Arial~~~~~comment~SK6812~1~start~gge1579~0~#@$T~P~839.03125~-629.15625~0~#000080~Arial~~~~~comment~D9~1~start~gge1585~0~#@$P~show~0~1~885~-570~0~gge1591~0^^885~-570^^M 885 -570 h -20~#880000^^1~864~-567~0~GND~end~~5.5pt~#0000FF^^1~870~-571~0~1~start~~5.5pt~#0000FF^^0~868~-570^^0~M 865 -573 L 862 -570 L 865 -567#@$P~show~0~2~885~-600~0~gge1612~0^^885~-600^^M 885 -600 h -20~#880000^^1~865~-596~0~DIN~end~~5.5pt~#0000FF^^1~870~-601~0~2~start~~5.5pt~#0000FF^^0~868~-600^^0~M 865 -603 L 862 -600 L 865 -597#@$P~show~0~3~805~-600~180~gge1633~0^^805~-600^^M 805 -600 h 20~#880000^^1~827~-596~0~VDD~start~~5.5pt~#0000FF^^1~820~-601~0~3~end~~5.5pt~#0000FF^^0~822~-600^^0~M 825 -597 L 828 -600 L 825 -603#@$P~show~0~4~805~-570~180~gge1654~0^^805~-570^^M 805 -570 h 20~#880000^^1~825~-567~0~DOUT~start~~5.5pt~#0000FF^^1~820~-571~0~4~end~~5.5pt~#0000FF^^0~822~-570^^0~M 825 -567 L 828 -570 L 825 -573#@$R~825~-605~~~40~40~#000000~1~0~none~gge1675~0~#@$PL~865 -580 850 -565~#CCCCCC~1~0~none~gge1678~0#@$E~845~-585~6.5~6.5~#CCCCCC~1~0~none~gge1681~0#@$PL~845 -607 855 -617 855 -614 852 -617 855 -617 854 -615 853 -617~#000000~1~0~none~gge1684~0#@$PL~850 -607 860 -617 860 -614 857 -617 860 -617 859 -615 858 -617~#000000~1~0~none~gge1687~0#@$PL~840 -607 850 -617 850 -614 847 -617 850 -617 849 -615 848 -617~#000000~1~0~none~gge1690~0","F~part_netLabel_+5V~805~-600~0~gge1693~~0^^805~-600^^+5V~#000000~795~-612~0~start~1~Times New Roman~9pt~gge1699^^PL~805 -610 805 -600~#000000~1~0~transparent~gge1705~0^^PL~800 -610 810 -610~#000000~1~0~transparent~gge1708~0","F~part_netLabel_gNd~750~-570~0~gge1711~~0^^750~-570^^GND~#000080~740~-586.5~0~start~0~Times New Roman~9pt~gge1717^^R~740~-560~~~19~1~#000000~1~0~#000000~gge1723~0~^^PL~750 -570 750 -560~#000000~1~0~transparent~gge1726~0","LIB~710~-590~package`SK6812-5050-IC-HAND`BOM_Manufacturer``BOM_Manufacturer Part`?`BOM_Supplier Part``BOM_Supplier``link``Contributor`peut`spicePre`D`~~0~gge700a28fb5cf1f52e~7b211bfd591a4502ab9b00e4412f5930~4298662b20ba418db865a7a9f9b40f12~0~~yes~yes~~~#@$T~N~704.03125~-620~0~#000080~Arial~~~~~comment~SK6812~1~start~gge1735~0~#@$T~P~704.03125~-629.15625~0~#000080~Arial~~~~~comment~D10~1~start~gge1741~0~#@$P~show~0~1~750~-570~0~gge1747~0^^750~-570^^M 750 -570 h -20~#880000^^1~729~-567~0~GND~end~~5.5pt~#0000FF^^1~735~-571~0~1~start~~5.5pt~#0000FF^^0~733~-570^^0~M 730 -573 L 727 -570 L 730 -567#@$P~show~0~2~750~-600~0~gge1768~0^^750~-600^^M 750 -600 h -20~#880000^^1~730~-596~0~DIN~end~~5.5pt~#0000FF^^1~735~-601~0~2~start~~5.5pt~#0000FF^^0~733~-600^^0~M 730 -603 L 727 -600 L 730 -597#@$P~show~0~3~670~-600~180~gge1789~0^^670~-600^^M 670 -600 h 20~#880000^^1~692~-596~0~VDD~start~~5.5pt~#0000FF^^1~685~-601~0~3~end~~5.5pt~#0000FF^^0~687~-600^^0~M 690 -597 L 693 -600 L 690 -603#@$P~show~0~4~670~-570~180~gge1810~0^^670~-570^^M 670 -570 h 20~#880000^^1~690~-567~0~DOUT~start~~5.5pt~#0000FF^^1~685~-571~0~4~end~~5.5pt~#0000FF^^0~687~-570^^0~M 690 -567 L 693 -570 L 690 -573#@$R~690~-605~~~40~40~#000000~1~0~none~gge1831~0~#@$PL~730 -580 715 -565~#CCCCCC~1~0~none~gge1834~0#@$E~710~-585~6.5~6.5~#CCCCCC~1~0~none~gge1837~0#@$PL~710 -607 720 -617 720 -614 717 -617 720 -617 719 -615 718 -617~#000000~1~0~none~gge1840~0#@$PL~715 -607 725 -617 725 -614 722 -617 725 -617 724 -615 723 -617~#000000~1~0~none~gge1843~0#@$PL~705 -607 715 -617 715 -614 712 -617 715 -617 714 -615 713 -617~#000000~1~0~none~gge1846~0","F~part_netLabel_+5V~670~-600~0~gge1849~~0^^670~-600^^+5V~#000000~660~-612~0~start~1~Times New Roman~9pt~gge1855^^PL~670 -610 670 -600~#000000~1~0~transparent~gge1861~0^^PL~665 -610 675 -610~#000000~1~0~transparent~gge1864~0","F~part_netLabel_gNd~620~-570~0~gge1867~~0^^620~-570^^GND~#000080~610~-586.5~0~start~0~Times New Roman~9pt~gge1873^^R~610~-560~~~19~1~#000000~1~0~#000000~gge1879~0~^^PL~620 -570 620 -560~#000000~1~0~transparent~gge1882~0","LIB~580~-590~package`SK6812-5050-IC-HAND`BOM_Manufacturer``BOM_Manufacturer Part`?`BOM_Supplier Part``BOM_Supplier``link``Contributor`peut`spicePre`D`~~0~gge6cb72c977f7a378e~7b211bfd591a4502ab9b00e4412f5930~4298662b20ba418db865a7a9f9b40f12~0~~yes~yes~~~#@$T~N~574.03125~-620~0~#000080~Arial~~~~~comment~SK6812~1~start~gge1891~0~#@$T~P~574.03125~-629.15625~0~#000080~Arial~~~~~comment~D11~1~start~gge1897~0~#@$P~show~0~1~620~-570~0~gge1903~0^^620~-570^^M 620 -570 h -20~#880000^^1~599~-567~0~GND~end~~5.5pt~#0000FF^^1~605~-571~0~1~start~~5.5pt~#0000FF^^0~603~-570^^0~M 600 -573 L 597 -570 L 600 -567#@$P~show~0~2~620~-600~0~gge1924~0^^620~-600^^M 620 -600 h -20~#880000^^1~600~-596~0~DIN~end~~5.5pt~#0000FF^^1~605~-601~0~2~start~~5.5pt~#0000FF^^0~603~-600^^0~M 600 -603 L 597 -600 L 600 -597#@$P~show~0~3~540~-600~180~gge1945~0^^540~-600^^M 540 -600 h 20~#880000^^1~562~-596~0~VDD~start~~5.5pt~#0000FF^^1~555~-601~0~3~end~~5.5pt~#0000FF^^0~557~-600^^0~M 560 -597 L 563 -600 L 560 -603#@$P~show~0~4~540~-570~180~gge1966~0^^540~-570^^M 540 -570 h 20~#880000^^1~560~-567~0~DOUT~start~~5.5pt~#0000FF^^1~555~-571~0~4~end~~5.5pt~#0000FF^^0~557~-570^^0~M 560 -567 L 563 -570 L 560 -573#@$R~560~-605~~~40~40~#000000~1~0~none~gge1987~0~#@$PL~600 -580 585 -565~#CCCCCC~1~0~none~gge1990~0#@$E~580~-585~6.5~6.5~#CCCCCC~1~0~none~gge1993~0#@$PL~580 -607 590 -617 590 -614 587 -617 590 -617 589 -615 588 -617~#000000~1~0~none~gge1996~0#@$PL~585 -607 595 -617 595 -614 592 -617 595 -617 594 -615 593 -617~#000000~1~0~none~gge1999~0#@$PL~575 -607 585 -617 585 -614 582 -617 585 -617 584 -615 583 -617~#000000~1~0~none~gge2002~0","F~part_netLabel_+5V~540~-600~0~gge2005~~0^^540~-600^^+5V~#000000~530~-612~0~start~1~Times New Roman~9pt~gge2011^^PL~540 -610 540 -600~#000000~1~0~transparent~gge2017~0^^PL~535 -610 545 -610~#000000~1~0~transparent~gge2020~0","F~part_netLabel_gNd~500~-570~0~gge2023~~0^^500~-570^^GND~#000080~490~-586.5~0~start~0~Times New Roman~9pt~gge2029^^R~490~-560~~~19~1~#000000~1~0~#000000~gge2035~0~^^PL~500 -570 500 -560~#000000~1~0~transparent~gge2038~0","LIB~460~-590~package`SK6812-5050-IC-HAND`BOM_Manufacturer``BOM_Manufacturer Part`?`BOM_Supplier Part``BOM_Supplier``link``Contributor`peut`spicePre`D`~~0~gge28822225416a138e~7b211bfd591a4502ab9b00e4412f5930~4298662b20ba418db865a7a9f9b40f12~0~~yes~yes~~~#@$T~N~454.03125~-620~0~#000080~Arial~~~~~comment~SK6812~1~start~gge2047~0~#@$T~P~454.03125~-629.15625~0~#000080~Arial~~~~~comment~D12~1~start~gge2053~0~#@$P~show~0~1~500~-570~0~gge2059~0^^500~-570^^M 500 -570 h -20~#880000^^1~479~-567~0~GND~end~~5.5pt~#0000FF^^1~485~-571~0~1~start~~5.5pt~#0000FF^^0~483~-570^^0~M 480 -573 L 477 -570 L 480 -567#@$P~show~0~2~500~-600~0~gge2080~0^^500~-600^^M 500 -600 h -20~#880000^^1~480~-596~0~DIN~end~~5.5pt~#0000FF^^1~485~-601~0~2~start~~5.5pt~#0000FF^^0~483~-600^^0~M 480 -603 L 477 -600 L 480 -597#@$P~show~0~3~420~-600~180~gge2101~0^^420~-600^^M 420 -600 h 20~#880000^^1~442~-596~0~VDD~start~~5.5pt~#0000FF^^1~435~-601~0~3~end~~5.5pt~#0000FF^^0~437~-600^^0~M 440 -597 L 443 -600 L 440 -603#@$P~show~0~4~420~-570~180~gge2122~0^^420~-570^^M 420 -570 h 20~#880000^^1~440~-567~0~DOUT~start~~5.5pt~#0000FF^^1~435~-571~0~4~end~~5.5pt~#0000FF^^0~437~-570^^0~M 440 -567 L 443 -570 L 440 -573#@$R~440~-605~~~40~40~#000000~1~0~none~gge2143~0~#@$PL~480 -580 465 -565~#CCCCCC~1~0~none~gge2146~0#@$E~460~-585~6.5~6.5~#CCCCCC~1~0~none~gge2149~0#@$PL~460 -607 470 -617 470 -614 467 -617 470 -617 469 -615 468 -617~#000000~1~0~none~gge2152~0#@$PL~465 -607 475 -617 475 -614 472 -617 475 -617 474 -615 473 -617~#000000~1~0~none~gge2155~0#@$PL~455 -607 465 -617 465 -614 462 -617 465 -617 464 -615 463 -617~#000000~1~0~none~gge2158~0","F~part_netLabel_+5V~420~-600~0~gge2161~~0^^420~-600^^+5V~#000000~410~-612~0~start~1~Times New Roman~9pt~gge2167^^PL~420 -610 420 -600~#000000~1~0~transparent~gge2173~0^^PL~415 -610 425 -610~#000000~1~0~transparent~gge2176~0","F~part_netLabel_gNd~370~-570~0~gge2179~~0^^370~-570^^GND~#000080~360~-586.5~0~start~0~Times New Roman~9pt~gge2185^^R~360~-560~~~19~1~#000000~1~0~#000000~gge2191~0~^^PL~370 -570 370 -560~#000000~1~0~transparent~gge2194~0","LIB~330~-590~package`SK6812-5050-IC-HAND`BOM_Manufacturer``BOM_Manufacturer Part`?`BOM_Supplier Part``BOM_Supplier``link``Contributor`peut`spicePre`D`~~0~gge8190573659b9f1bd~7b211bfd591a4502ab9b00e4412f5930~4298662b20ba418db865a7a9f9b40f12~0~~yes~yes~~~#@$T~N~324.03125~-620~0~#000080~Arial~~~~~comment~SK6812~1~start~gge2203~0~#@$T~P~324.03125~-629.15625~0~#000080~Arial~~~~~comment~D13~1~start~gge2209~0~#@$P~show~0~1~370~-570~0~gge2215~0^^370~-570^^M 370 -570 h -20~#880000^^1~349~-567~0~GND~end~~5.5pt~#0000FF^^1~355~-571~0~1~start~~5.5pt~#0000FF^^0~353~-570^^0~M 350 -573 L 347 -570 L 350 -567#@$P~show~0~2~370~-600~0~gge2236~0^^370~-600^^M 370 -600 h -20~#880000^^1~350~-596~0~DIN~end~~5.5pt~#0000FF^^1~355~-601~0~2~start~~5.5pt~#0000FF^^0~353~-600^^0~M 350 -603 L 347 -600 L 350 -597#@$P~show~0~3~290~-600~180~gge2257~0^^290~-600^^M 290 -600 h 20~#880000^^1~312~-596~0~VDD~start~~5.5pt~#0000FF^^1~305~-601~0~3~end~~5.5pt~#0000FF^^0~307~-600^^0~M 310 -597 L 313 -600 L 310 -603#@$P~show~0~4~290~-570~180~gge2278~0^^290~-570^^M 290 -570 h 20~#880000^^1~310~-567~0~DOUT~start~~5.5pt~#0000FF^^1~305~-571~0~4~end~~5.5pt~#0000FF^^0~307~-570^^0~M 310 -567 L 313 -570 L 310 -573#@$R~310~-605~~~40~40~#000000~1~0~none~gge2299~0~#@$PL~350 -580 335 -565~#CCCCCC~1~0~none~gge2302~0#@$E~330~-585~6.5~6.5~#CCCCCC~1~0~none~gge2305~0#@$PL~330 -607 340 -617 340 -614 337 -617 340 -617 339 -615 338 -617~#000000~1~0~none~gge2308~0#@$PL~335 -607 345 -617 345 -614 342 -617 345 -617 344 -615 343 -617~#000000~1~0~none~gge2311~0#@$PL~325 -607 335 -617 335 -614 332 -617 335 -617 334 -615 333 -617~#000000~1~0~none~gge2314~0","F~part_netLabel_+5V~290~-600~0~gge2317~~0^^290~-600^^+5V~#000000~280~-612~0~start~1~Times New Roman~9pt~gge2323^^PL~290 -610 290 -600~#000000~1~0~transparent~gge2329~0^^PL~285 -610 295 -610~#000000~1~0~transparent~gge2332~0","F~part_netLabel_gNd~260~-570~0~gge2335~~0^^260~-570^^GND~#000080~250~-586.5~0~start~0~Times New Roman~9pt~gge2341^^R~250~-560~~~19~1~#000000~1~0~#000000~gge2347~0~^^PL~260 -570 260 -560~#000000~1~0~transparent~gge2350~0","LIB~220~-590~package`SK6812-5050-IC-HAND`BOM_Manufacturer``BOM_Manufacturer Part`?`BOM_Supplier Part``BOM_Supplier``link``Contributor`peut`spicePre`D`~~0~gge4ce09c31aac40830~7b211bfd591a4502ab9b00e4412f5930~4298662b20ba418db865a7a9f9b40f12~0~~yes~yes~~~#@$T~N~214.03125~-620~0~#000080~Arial~~~~~comment~SK6812~1~start~gge2359~0~#@$T~P~214.03125~-629.15625~0~#000080~Arial~~~~~comment~D14~1~start~gge2365~0~#@$P~show~0~1~260~-570~0~gge2371~0^^260~-570^^M 260 -570 h -20~#880000^^1~239~-567~0~GND~end~~5.5pt~#0000FF^^1~245~-571~0~1~start~~5.5pt~#0000FF^^0~243~-570^^0~M 240 -573 L 237 -570 L 240 -567#@$P~show~0~2~260~-600~0~gge2392~0^^260~-600^^M 260 -600 h -20~#880000^^1~240~-596~0~DIN~end~~5.5pt~#0000FF^^1~245~-601~0~2~start~~5.5pt~#0000FF^^0~243~-600^^0~M 240 -603 L 237 -600 L 240 -597#@$P~show~0~3~180~-600~180~gge2413~0^^180~-600^^M 180 -600 h 20~#880000^^1~202~-596~0~VDD~start~~5.5pt~#0000FF^^1~195~-601~0~3~end~~5.5pt~#0000FF^^0~197~-600^^0~M 200 -597 L 203 -600 L 200 -603#@$P~show~0~4~180~-570~180~gge2434~0^^180~-570^^M 180 -570 h 20~#880000^^1~200~-567~0~DOUT~start~~5.5pt~#0000FF^^1~195~-571~0~4~end~~5.5pt~#0000FF^^0~197~-570^^0~M 200 -567 L 203 -570 L 200 -573#@$R~200~-605~~~40~40~#000000~1~0~none~gge2455~0~#@$PL~240 -580 225 -565~#CCCCCC~1~0~none~gge2458~0#@$E~220~-585~6.5~6.5~#CCCCCC~1~0~none~gge2461~0#@$PL~220 -607 230 -617 230 -614 227 -617 230 -617 229 -615 228 -617~#000000~1~0~none~gge2464~0#@$PL~225 -607 235 -617 235 -614 232 -617 235 -617 234 -615 233 -617~#000000~1~0~none~gge2467~0#@$PL~215 -607 225 -617 225 -614 222 -617 225 -617 224 -615 223 -617~#000000~1~0~none~gge2470~0","F~part_netLabel_+5V~180~-600~0~gge2473~~0^^180~-600^^+5V~#000000~170~-612~0~start~1~Times New Roman~9pt~gge2479^^PL~180 -610 180 -600~#000000~1~0~transparent~gge2485~0^^PL~175 -610 185 -610~#000000~1~0~transparent~gge2488~0","W~55 -675 55 -645 1055 -645 1055 -605 1045 -605~#008800~1~0~none~gge2653~0","W~885 -600 925 -600 925 -575 965 -575~#008800~1~0~none~gge2656~0","W~750 -600 775 -600 775 -570 805 -570~#008800~1~0~none~gge2659~0","W~620 -600 645 -600 645 -570 670 -570~#008800~1~0~none~gge2662~0","W~500 -600 520 -600 520 -570 540 -570~#008800~1~0~none~gge2665~0","W~370 -600 395 -600 395 -570 420 -570~#008800~1~0~none~gge2668~0","W~260 -600 275 -600 275 -570 290 -570~#008800~1~0~none~gge2671~0","W~240 -270 240 -250 170 -250~#008800~1~0~none~gge2698~0","LIB~240~-290~package`1206`nameAlias`Value(F)`BOM_Manufacturer Part`?`spicePre`C`spiceSymbolName`Cap_1206_EU`~~0~ggea2c5d49bc5dde298~a9583a3e61994f79bca1e6cf3aee21e3~a7576731b0bb4644bdf53669c05a1112~0~~yes~yes~~~#@$T~N~249.5~-278~0~#000080~Arial~~~~~comment~47uF~1~start~gge2707~0~#@$T~P~249.5~-287~0~#000080~Arial~~~~~comment~C1~1~start~gge2713~0~#@$PL~240 -300 240 -294~#8D2323~1~0~none~gge2719~0#@$PL~240 -280 240 -287~#8D2323~1~0~none~gge2722~0#@$R~232.8~-289~~~14.7~1.8~#8D2323~1~0~none~gge2725~0~#@$R~232.8~-294~~~14.7~1.8~#8D2323~1~0~none~gge2728~0~#@$P~show~0~1~240~-310~270~gge2731~0^^240~-310^^M 240 -310 v 10~#8D2323^^0~243~-297~270~1~end~~~#8D2323^^0~239~-306~270~1~start~~~#8D2323^^0~240~-297^^0~M 243 -300 L 240 -303 L 237 -300#@$P~show~0~2~240~-270~90~gge2752~0^^240~-270^^M 240 -270 v -10~#8D2323^^0~243~-283~270~2~start~~~#8D2323^^0~239~-274~270~2~end~~~#8D2323^^0~240~-283^^0~M 237 -280 L 240 -277 L 243 -280","F~part_netLabel_netPort~130~-290~0~gge2773~~0^^130~-290^^LEDCTL~#0000FF~69.48~-286.3~0~start~1~Times New Roman~8pt~gge2779^^PL~130 -290 125 -285 110 -285 110 -295 125 -295 130 -290~#0000FF~1~0~transparent~gge2785~0","LIB~150~-290~package`R0805`nameAlias`Value(\u03a9)`BOM_Supplier Part``BOM_Supplier``Contributor`LCEDA_Lib`spicePre`R`spiceSymbolName`R_0805_EU`BOM_Manufacturer Part``~180~0~gge01695ee2a44106ab~b60f399a7a7e41848b2be1eb49c79141~ed9eb2faffb34286820a54a14e9e9e24~0~~yes~yes~~1586862245~#@$T~N~141.4375~-298~0~#000080~Arial~~~~~comment~330~1~start~gge2794~0~#@$T~P~141.4375~-307~0~#000080~Arial~~~~~comment~R1~1~start~gge2800~0~#@$R~140~-295~~~20~10~#A00000~1~0~none~gge2806~0~#@$P~show~0~2~130~-290~180~gge2809~0^^130~-290^^M 140 -290 h -10~#800^^0~144~-290~0~2~start~~~#800^^0~136~-294~0~2~end~~~#800^^0~117~-290^^0~M 120 -287 L 123 -290 L 120 -293#@$P~show~0~1~170~-290~0~gge2830~0^^170~-290^^M 160 -290 h 10~#800^^0~156~-290~0~1~end~~~#800^^0~164~-294~0~1~start~~~#800^^0~183~-290^^0~M 180 -293 L 177 -290 L 180 -287","W~240 -310 240 -325 170 -325 170 -300~#008800~1~0~none~gge4471~0","F~part_netLabel_+5V~170~-325~0~gge4474~~0^^170~-325^^+5V~#000000~160~-337~0~start~1~Times New Roman~9pt~gge4480^^PL~170 -335 170 -325~#000000~1~0~transparent~gge4486~0^^PL~165 -335 175 -335~#000000~1~0~transparent~gge4489~0","W~170 -280 170 -250~#008800~1~0~none~gge4492~0","F~part_netLabel_gNd~170~-250~0~gge4495~~0^^170~-250^^GND~#000080~160~-266.5~0~start~0~Times New Roman~9pt~gge4501^^R~160~-240~~~19~1~#000000~1~0~#000000~gge4507~0~^^PL~170 -250 170 -240~#000000~1~0~transparent~gge4510~0","LIB~185~-290~package`HDR-M-2.54_1X3`BOM_Supplier Part`C180248`BOM_Supplier`LCSC`BOM_Manufacturer``BOM_Manufacturer Part``image``Contributor`LCEDA_Lib`spicePre`J`spiceSymbolName`HDR-M-2.54_1x3`~~0~gge86737fdc2ae6e97f~9f77654394344f25b3de138e0fe05ff6~a68dc5e6a9944c46b7604648a43dcd65~0~~yes~yes~~~#@$T~N~178.03125~-313~0~#000080~Arial~~~~~comment~HDR-M-2.54_1x3~0~start~gge4519~0~#@$T~P~184.0390625~-256.7890625~0~#000080~Arial~~~~~comment~H1~1~start~gge4525~0~#@$R~180~-310~2~2~20~40~#880000~1~0~none~gge4531~0~#@$P~show~1~3~170~-300~180~gge4534~0^^170~-300^^M 170 -300 h 10~#000000^^1~185~-297~0~3~start~~~#000000^^0~180~-301~0~3~end~~~#000000^^0~177~-300^^0~M 180 -297 L 183 -300 L 180 -303#@$P~show~1~1~170~-280~180~gge4555~0^^170~-280^^M 170 -280 h 10~#000000^^1~185~-277~0~1~start~~~#000000^^0~180~-281~0~1~end~~~#000000^^0~177~-280^^0~M 180 -277 L 183 -280 L 180 -283#@$P~show~1~2~170~-290~180~gge4576~0^^170~-290^^M 170 -290 h 10~#000000^^1~185~-287~0~2~start~~~#000000^^0~180~-291~0~2~end~~~#000000^^0~177~-290^^0~M 180 -287 L 183 -290 L 180 -293","O~180~-570~gge4603~M 176 -574 L 184 -566 M 184 -574 L 176 -566~#33cc33~0","J~170~-325~2.5~#CC0000~gge2680~0","J~170~-250~2.5~#CC0000~gge2689~0"],"BBox":{"x":0,"y":-806.8,"width":1149,"height":807.4},"colors":[]}}],"docType":5,"title":"Nixie Calculator IN-16 LEDs","name":"Nixie Calculator IN-16 LEDs"}