{"schematics":[{"docType":1,"title":"Socket","dataStr":{"head":{"docType":"1","editorVersion":"6.5.22","newgId":true,"c_para":{"Prefix Start":"1"},"c_spiceCmd":"null","hasIdFlag":true,"uuid":"79aa53583f2c4be198b08b4b2eac55a0","x":"0","y":"0","portOfADImportHack":"","importFlag":0,"transformList":""},"canvas":"CA~1000~1000~#FFFFFF~yes~#CCCCCC~5~1000~1000~line~5~pixel~5~0~0","shape":["LIB~0~-806~package`NONE`BOM_Manufacturer Part`?`spicePre`.`~~0~frame_lib_1~~~0~~yes~yes~~~#@$T~N~570.5~-809~0~#000080~Arial~~~~~comment~A~0~start~gge78~0~#@$PT~M 206 -796 L 206 -806 M 206 -10 L 206 0 M 402 -796 L 402 -806 M 402 -10 L 402 0 M 598 -796 L 598 -806 M 598 -10 L 598 0 M 794 -796 L 794 -806 M 794 -10 L 794 0 M 990 -796 L 990 -806 M 990 -10 L 990 0 M 10 -600 L 0 -600 M 1139 -600 L 1149 -600 M 10 -404 L 0 -404 M 1139 -404 L 1149 -404 M 10 -208 L 0 -208 M 1139 -208 L 1149 -208 M 10 -12 L 0 -12 M 1139 -12 L 1149 -12~#880000~1~0~none~gge6~0~frame_tick#@$T~P~571.5~-818~0~#000080~Arial~~~~~comment~A~0~start~gge77~0~#@$T~L~1.5~-698~0~#880000~~~~~~comment~A~1~start~gge7~0~frame_tick#@$T~L~1140.5~-698~0~#880000~~~~~~comment~A~1~start~gge9~0~frame_tick#@$T~L~1.5~-502~0~#880000~~~~~~comment~B~1~start~gge11~0~frame_tick#@$T~L~1140.5~-502~0~#880000~~~~~~comment~B~1~start~gge13~0~frame_tick#@$T~L~1.5~-306~0~#880000~~~~~~comment~C~1~start~gge15~0~frame_tick#@$T~L~1140.5~-306~0~#880000~~~~~~comment~C~1~start~gge17~0~frame_tick#@$T~L~1.5~-110~0~#880000~~~~~~comment~D~1~start~gge19~0~frame_tick#@$T~L~1140.5~-110~0~#880000~~~~~~comment~D~1~start~gge21~0~frame_tick#@$T~L~108~-797.5~0~#880000~~~~~~comment~1~1~start~gge23~0~frame_tick#@$T~L~108~-1.5~0~#880000~~~~~~comment~1~1~start~gge25~0~frame_tick#@$T~L~304~-797.5~0~#880000~~~~~~comment~2~1~start~gge27~0~frame_tick#@$T~L~304~-1.5~0~#880000~~~~~~comment~2~1~start~gge29~0~frame_tick#@$T~L~500~-797.5~0~#880000~~~~~~comment~3~1~start~gge31~0~frame_tick#@$T~L~500~-1.5~0~#880000~~~~~~comment~3~1~start~gge33~0~frame_tick#@$T~L~696~-797.5~0~#880000~~~~~~comment~4~1~start~gge35~0~frame_tick#@$T~L~696~-1.5~0~#880000~~~~~~comment~4~1~start~gge37~0~frame_tick#@$T~L~892~-797.5~0~#880000~~~~~~comment~5~1~start~gge39~0~frame_tick#@$T~L~892~-1.5~0~#880000~~~~~~comment~5~1~start~gge41~0~frame_tick#@$R~10~-796~~~1129~786~#880000~1~0~none~gge43~0~frame_innerbox#@$R~0~-806~~~1149~806~#880000~1~0~none~gge44~0~frame_outbox#@$R~694.99995~-90~~~444~80~#880000~1~0~none~gge45~0~frame_hitarea#@$PL~695.1 -50.75 1138.63 -50.75~#880000~1~0~none~gge46~0#@$PL~799.63 -30.75 1138.63 -30.75~#880000~1~0~none~gge47~0#@$PL~1059.61 -89.93 1059.63 -50.75~#880000~1~0~none~gge48~0#@$PL~1059.63 -50.75 1059.63 -30.75~#880000~1~0~none~gge49~0#@$T~L~699.99995~-77~0~#880000~~8pt~~~~comment~TITLE:~1~start~gge50~0~pinpart#@$T~L~757.62495~-64.41~0~#0000FF~~10pt~~~~comment~Socket~1~start~gge52~0~frame_title#@$T~L~1064.62495~-63.75~0~#880000~~8pt~~~~comment~REV:~1~start~gge54~0~pinpart#@$T~L~1102.62495~-63.75~0~#0000FF~~9pt~~~~comment~1~1~start~gge56~0~frame_version#@$T~L~804.62495~-15~0~#880000~~8pt~~~~comment~Date:~1~start~gge58~0~pinpart#@$T~L~851.62495~-14.52~0~#0000FF~~9pt~~~~comment~2023-01-31~1~start~gge60~0~frame_date#@$T~L~1063.62495~-35~0~#880000~~8pt~~~~comment~Sheet:~1~start~gge62~0~pinpart#@$T~L~1108.62495~-34.52~0~#0000FF~~9pt~~~~comment~1\/1~1~start~gge64~0~frame_sheet#@$T~L~943.62495~-14.75~0~#880000~~8pt~~~~comment~Drawn By:~1~start~gge66~0~pinpart#@$T~L~804.62495~-36.75~0~#880000~~8pt~~~~comment~Company:~1~start~gge70~0~pinpart#@$PL~799.63 -50.75 799.63 -10.75~#880000~1~0~none~gge74~0","F~part_netLabel_netPort~330~-450~180~gge109~~0^^330~-450^^K9~#0000FF~366.5234375~-446.5~0~end~1~Times New Roman~8pt~flag_gge10324^^PL~330 -450 335 -455 350 -455 350 -445 335 -445 330 -450~#0000FF~1~0~transparent~gge113~0","F~part_netLabel_netPort~330~-460~180~gge114~~0^^330~-460^^K8~#0000FF~366.5234375~-456.5~0~end~1~Times New Roman~8pt~flag_gge10327^^PL~330 -460 335 -465 350 -465 350 -455 335 -455 330 -460~#0000FF~1~0~transparent~gge118~0","F~part_netLabel_netPort~330~-540~180~gge119~~0^^330~-540^^K7~#0000FF~366.5234375~-536.5~0~end~1~Times New Roman~8pt~flag_gge10330^^PL~330 -540 335 -545 350 -545 350 -535 335 -535 330 -540~#0000FF~1~0~transparent~gge123~0","F~part_netLabel_netPort~330~-490~180~gge124~~0^^330~-490^^K6~#0000FF~366.5234375~-486.5~0~end~1~Times New Roman~8pt~flag_gge10333^^PL~330 -490 335 -495 350 -495 350 -485 335 -485 330 -490~#0000FF~1~0~transparent~gge128~0","F~part_netLabel_netPort~330~-500~180~gge129~~0^^330~-500^^K5~#0000FF~366.5234375~-496.5~0~end~1~Times New Roman~8pt~flag_gge10336^^PL~330 -500 335 -505 350 -505 350 -495 335 -495 330 -500~#0000FF~1~0~transparent~gge133~0","F~part_netLabel_netPort~330~-510~180~gge134~~0^^330~-510^^K4~#0000FF~366.4296875~-506.5~0~end~1~Times New Roman~8pt~flag_gge10339^^PL~330 -510 335 -515 350 -515 350 -505 335 -505 330 -510~#0000FF~1~0~transparent~gge138~0","F~part_netLabel_netPort~330~-530~180~gge139~~0^^330~-530^^K3~#0000FF~353.48~-526.5~0~~1~Times New Roman~8pt~flag_gge10342^^PL~330 -530 335 -535 350 -535 350 -525 335 -525 330 -530~#0000FF~1~0~transparent~gge143~0","F~part_netLabel_netPort~330~-480~180~gge144~~0^^330~-480^^K2~#0000FF~366.5234375~-476.5~0~end~1~Times New Roman~8pt~flag_gge10345^^PL~330 -480 335 -485 350 -485 350 -475 335 -475 330 -480~#0000FF~1~0~transparent~gge148~0","F~part_netLabel_netPort~330~-550~180~gge149~~0^^330~-550^^K1~#0000FF~366.5234375~-546.5~0~end~1~Times New Roman~8pt~flag_gge10348^^PL~330 -550 335 -555 350 -555 350 -545 335 -545 330 -550~#0000FF~1~0~transparent~gge153~0","F~part_netLabel_netPort~330~-440~180~gge154~~0^^330~-440^^K0~#0000FF~366.4375~-436.5~0~end~1~Times New Roman~8pt~flag_gge10351^^PL~330 -440 335 -445 350 -445 350 -435 335 -435 330 -440~#0000FF~1~0~transparent~gge158~0","LIB~290~-495~package`MY_IN-16`BOM_Manufacturer Part`IN-14`Contributor`AndySmithersHome`spicePre`U`spiceSymbolName`IN-16`~90~0~gge56b1df283839f053~1d08d9485be74d6b87f6be0dbdeeb43e~6eb182d2cb154e98a8a217db41c1acd7~0~~yes~yes~~~#@$T~N~294.03125~-568~0~#000080~Arial~~~~~comment~IN-16~1~start~gge189~0~#@$T~P~294.03125~-577.15625~0~#000080~Arial~~~~~comment~N1~1~start~gge191~0~#@$A~M 280 -440 A 15 15 0 0 0 310 -440~~#8D2323~1~0~none~gge193~0#@$A~M 310 -550 A 15 15 0 0 0 280 -550~~#8D2323~1~0~none~gge194~0#@$PL~290 -440 290 -550~#8D2323~3~0~none~gge195~0#@$PL~313.61 -540 305.61 -540~#8D2323~1~0~none~gge196~0#@$PL~313.61 -530 305.61 -530~#8D2323~1~0~none~gge197~0#@$PL~313.61 -520 305.61 -520~#8D2323~1~0~none~gge198~0#@$PL~313.61 -510 305.61 -510~#8D2323~1~0~none~gge199~0#@$PL~313.61 -500 305.61 -500~#8D2323~1~0~none~gge200~0#@$PL~313.61 -490 305.61 -490~#8D2323~1~0~none~gge201~0#@$PL~313.61 -480 305.61 -480~#8D2323~1~0~none~gge202~0#@$PL~313.61 -470 305.61 -470~#8D2323~1~0~none~gge203~0#@$PL~313.61 -460 305.61 -460~#8D2323~1~0~none~gge204~0#@$PL~313.61 -450 305.61 -450~#8D2323~1~0~none~gge205~0#@$E~303.61~-450~2~2~#8D2323~1~0~none~gge206~0#@$E~303.61~-460~2~2~#8D2323~1~0~none~gge207~0#@$E~303.61~-470~2~2~#8D2323~1~0~none~gge208~0#@$E~303.61~-480~2~2~#8D2323~1~0~none~gge209~0#@$E~303.61~-490~2~2~#8D2323~1~0~none~gge210~0#@$E~303.61~-500~2~2~#8D2323~1~0~none~gge211~0#@$E~303.61~-510~2~2~#8D2323~1~0~none~gge212~0#@$E~303.61~-520~2~2~#8D2323~1~0~none~gge213~0#@$E~303.61~-530~2~2~#8D2323~1~0~none~gge214~0#@$E~303.61~-540~2~2~#8D2323~1~0~none~gge215~0#@$E~294~-557~1~1~#8D2323~2~0~none~gge216~0#@$T~L~298~-527~270~#8D2323~~4pt~ ~ ~ ~comment~K3~1~start~gge217~0~pinpart#@$T~L~298~-517~270~#8D2323~~4pt~ ~ ~ ~comment~KL~1~start~gge219~0~pinpart#@$T~L~298~-507~270~#8D2323~~4pt~ ~ ~ ~comment~K4~1~start~gge221~0~pinpart#@$T~L~298~-497~270~#8D2323~~4pt~ ~ ~ ~comment~K5~1~start~gge223~0~pinpart#@$T~L~298~-487~270~#8D2323~~4pt~ ~ ~ ~comment~K6~1~start~gge225~0~pinpart#@$T~L~298~-476~270~#8D2323~~4pt~ ~ ~ ~comment~K2~1~start~gge227~0~pinpart#@$T~L~298~-467~270~#8D2323~~4pt~ ~ ~ ~comment~KR~1~start~gge229~0~pinpart#@$T~L~298~-457~270~#8D2323~~4pt~ ~ ~ ~comment~K8~1~start~gge231~0~pinpart#@$T~L~298~-447~270~#8D2323~~4pt~ ~ ~ ~comment~K9~1~start~gge233~0~pinpart#@$T~L~298~-537~270~#8D2323~~4pt~ ~ ~ ~comment~K7~1~start~gge235~0~pinpart#@$PL~280 -550 280 -440~#8D2323~1~0~none~gge237~0#@$PL~310 -440 310 -550~#8D2323~1~0~none~gge238~0#@$PL~313.61 -440 305.61 -440~#8D2323~1~0~none~gge239~0#@$PL~313.61 -550 305.61 -550~#8D2323~1~0~none~gge240~0#@$E~303.61~-550~2~2~#8D2323~1~0~none~gge241~0#@$E~303.61~-440~2~2~#8D2323~1~0~none~gge242~0#@$T~L~298~-436~270~#8D2323~~4pt~ ~ ~ ~comment~K0~1~start~gge243~0~pinpart#@$T~L~298~-547~270~#8D2323~~4pt~ ~ ~ ~comment~K1~1~start~gge245~0~pinpart#@$PL~290 -495 280 -495~#8D2323~1~0~none~gge247~0#@$P~show~0~1~270~-495~180~gge248~0^^270~-495^^M 270 -495 h 10~#880000^^0~278~-492~0~1~end~~~#0000FF^^1~272~-496~0~1~start~~~#0000FF^^0~277~-495^^0~M 280 -492 L 283 -495 L 280 -498#@$P~show~0~2~330~-550~180~gge255~0^^330~-550^^M 330 -550 h -20~#880000^^0~308~-547~0~2~end~~~#0000FF^^1~315~-551~0~2~start~~~#0000FF^^0~307~-550^^0~M 310 -547 L 313 -550 L 310 -553#@$P~show~0~3~330~-540~180~gge262~0^^330~-540^^M 330 -540 h -20~#880000^^0~308~-537~0~3~end~~~#0000FF^^1~315~-541~0~3~start~~~#0000FF^^0~307~-540^^0~M 310 -537 L 313 -540 L 310 -543#@$P~show~0~4~330~-530~180~gge269~0^^330~-530^^M 330 -530 h -20~#880000^^0~308~-527~0~4~end~~~#0000FF^^1~315~-531~0~4~start~~~#0000FF^^0~307~-530^^0~M 310 -527 L 313 -530 L 310 -533#@$P~show~0~5~330~-520~180~gge276~0^^330~-520^^M 330 -520 h -20~#880000^^0~308~-517~0~5~end~~~#0000FF^^1~315~-521~0~5~start~~~#0000FF^^0~307~-520^^0~M 310 -517 L 313 -520 L 310 -523#@$P~show~0~6~330~-510~180~gge283~0^^330~-510^^M 330 -510 h -20~#880000^^0~308~-507~0~6~end~~~#0000FF^^1~315~-511~0~6~start~~~#0000FF^^0~307~-510^^0~M 310 -507 L 313 -510 L 310 -513#@$P~show~0~7~330~-500~180~gge290~0^^330~-500^^M 330 -500 h -20~#880000^^0~308~-497~0~7~end~~~#0000FF^^1~315~-501~0~7~start~~~#0000FF^^0~307~-500^^0~M 310 -497 L 313 -500 L 310 -503#@$P~show~0~8~330~-490~180~gge297~0^^330~-490^^M 330 -490 h -20~#880000^^0~308~-487~0~8~end~~~#0000FF^^1~315~-491~0~8~start~~~#0000FF^^0~307~-490^^0~M 310 -487 L 313 -490 L 310 -493#@$P~show~0~9~330~-480~180~gge304~0^^330~-480^^M 330 -480 h -20~#880000^^0~308~-477~0~9~end~~~#0000FF^^1~315~-481~0~9~start~~~#0000FF^^0~307~-480^^0~M 310 -477 L 313 -480 L 310 -483#@$P~show~0~10~330~-470~180~gge311~0^^330~-470^^M 330 -470 h -20~#880000^^0~308~-467~0~10~end~~~#0000FF^^1~315~-471~0~10~start~~~#0000FF^^0~307~-470^^0~M 310 -467 L 313 -470 L 310 -473#@$P~show~0~11~330~-460~180~gge318~0^^330~-460^^M 330 -460 h -20~#880000^^0~308~-457~0~11~end~~~#0000FF^^1~315~-461~0~11~start~~~#0000FF^^0~307~-460^^0~M 310 -457 L 313 -460 L 310 -463#@$P~show~0~12~330~-450~180~gge325~0^^330~-450^^M 330 -450 h -20~#880000^^0~308~-447~0~12~end~~~#0000FF^^1~315~-451~0~12~start~~~#0000FF^^0~307~-450^^0~M 310 -447 L 313 -450 L 310 -453#@$P~show~0~13~330~-440~180~gge332~0^^330~-440^^M 330 -440 h -20~#880000^^0~308~-437~0~13~end~~~#0000FF^^1~315~-441~0~13~start~~~#0000FF^^0~307~-440^^0~M 310 -437 L 313 -440 L 310 -443#@$T~L~286~-496~270~#8D2323~~4pt~ ~ ~ ~comment~A~1~start~gge339~0~pinpart","F~part_netLabel_netPort~330~-520~180~gge1603~~0^^330~-520^^KL~#0000FF~353.4~-516.5~0~~1~Times New Roman~8pt~flag_gge10354^^PL~330 -520 335 -525 350 -525 350 -515 335 -515 330 -520~#0000FF~1~0~transparent~gge1607~0","F~part_netLabel_netPort~330~-470~180~gge1613~~0^^330~-470^^KR~#0000FF~353.4~-466.5~0~~1~Times New Roman~8pt~flag_gge10357^^PL~330 -470 335 -475 350 -475 350 -465 335 -465 330 -470~#0000FF~1~0~transparent~gge1617~0","F~part_netLabel_netPort~270~-495~0~gge1623~~0^^270~-495^^A~#0000FF~238.47~-491.51~0~~1~Times New Roman~8pt~flag_gge10360^^PL~270 -495 265 -490 250 -490 250 -500 265 -500 270 -495~#0000FF~1~0~transparent~gge1627~0","LIB~300~-655~package`HDR-TH_8P-P2.00-V-M-R2-C4-S2.00`BOM_Supplier`LCSC`BOM_Supplier Part`C917562`BOM_Manufacturer`XKB Connectivity(\u4e2d\u56fd\u661f\u5764)`BOM_Manufacturer Part`X4622WV-2X04I-C40D28`Contributor`LCSC`spicePre`H`spiceSymbolName`X4622WV-2X04I-C40D28`~90~0~ggeb47cd649b198daf0~c4459931a8254f1eb9edf6a991d33f2c~fc778feb1a34480d90f5ac1226e162d8~0~~yes~yes~~~#@$T~N~367.890625~-642.75~0~#000080~Arial~~~~~comment~X4622WV-2X04I-C40D28~0~end~gge4796~0~#@$T~P~273~-651.75~0~#000080~Arial~~~~~comment~H1~1~end~gge4460~0~#@$R~275~-665~2~2~50~20~#880000~1~0~none~gge4462~0~#@$E~320~-650~1.5~1.5~#880000~1~0~#880000~gge4463~0#@$P~show~0~1~315~-635~270~gge4464~0^^315~-635^^M 315 -635 v -10~#880000^^1~319~-648.7~270~1~start~~~#0000FF^^1~314~-644.5~270~1~end~~~#0000FF^^0~315~-642^^0~M 318 -645 L 315 -648 L 312 -645#@$P~show~0~8~285~-675~90~gge4471~0^^285~-675^^M 285 -675 v 10~#880000^^1~289~-661.3~270~8~end~~~#0000FF^^1~284~-665.5~270~8~start~~~#0000FF^^0~285~-668^^0~M 282 -665 L 285 -662 L 288 -665#@$P~show~0~3~305~-635~270~gge4478~0^^305~-635^^M 305 -635 v -10~#880000^^1~309~-648.7~270~3~start~~~#0000FF^^1~304~-644.5~270~3~end~~~#0000FF^^0~305~-642^^0~M 308 -645 L 305 -648 L 302 -645#@$P~show~0~6~295~-675~90~gge4485~0^^295~-675^^M 295 -675 v 10~#880000^^1~299~-661.3~270~6~end~~~#0000FF^^1~294~-665.5~270~6~start~~~#0000FF^^0~295~-668^^0~M 292 -665 L 295 -662 L 298 -665#@$P~show~0~5~295~-635~270~gge4492~0^^295~-635^^M 295 -635 v -10~#880000^^1~299~-648.7~270~5~start~~~#0000FF^^1~294~-644.5~270~5~end~~~#0000FF^^0~295~-642^^0~M 298 -645 L 295 -648 L 292 -645#@$P~show~0~4~305~-675~90~gge4499~0^^305~-675^^M 305 -675 v 10~#880000^^1~309~-661.3~270~4~end~~~#0000FF^^1~304~-665.5~270~4~start~~~#0000FF^^0~305~-668^^0~M 302 -665 L 305 -662 L 308 -665#@$P~show~0~7~285~-635~270~gge4506~0^^285~-635^^M 285 -635 v -10~#880000^^1~289~-648.7~270~7~start~~~#0000FF^^1~284~-644.5~270~7~end~~~#0000FF^^0~285~-642^^0~M 288 -645 L 285 -648 L 282 -645#@$P~show~0~2~315~-675~90~gge4513~0^^315~-675^^M 315 -675 v 10~#880000^^1~319~-661.3~270~2~end~~~#0000FF^^1~314~-665.5~270~2~start~~~#0000FF^^0~315~-668^^0~M 312 -665 L 315 -662 L 318 -665","LIB~310~-340~package`HDR-TH_8P-P2.00-V-M-R2-C4-S2.00`BOM_Supplier`LCSC`BOM_Supplier Part`C917562`BOM_Manufacturer`XKB Connectivity(\u4e2d\u56fd\u661f\u5764)`BOM_Manufacturer Part`X4622WV-2X04I-C40D28`Contributor`LCSC`spicePre`H`spiceSymbolName`X4622WV-2X04I-C40D28`~90~0~ggea3956f741c7736cf~c4459931a8254f1eb9edf6a991d33f2c~fc778feb1a34480d90f5ac1226e162d8~0~~yes~yes~~~#@$T~N~377.890625~-327.75~0~#000080~Arial~~~~~comment~X4622WV-2X04I-C40D28~0~end~gge4803~0~#@$T~P~283~-336.75~0~#000080~Arial~~~~~comment~H2~1~end~gge4524~0~#@$R~285~-350~2~2~50~20~#880000~1~0~none~gge4526~0~#@$E~330~-335~1.5~1.5~#880000~1~0~#880000~gge4527~0#@$P~show~0~1~325~-320~270~gge4528~0^^325~-320^^M 325 -320 v -10~#880000^^1~329~-333.7~270~1~start~~~#0000FF^^1~324~-329.5~270~1~end~~~#0000FF^^0~325~-327^^0~M 328 -330 L 325 -333 L 322 -330#@$P~show~0~8~295~-360~90~gge4535~0^^295~-360^^M 295 -360 v 10~#880000^^1~299~-346.3~270~8~end~~~#0000FF^^1~294~-350.5~270~8~start~~~#0000FF^^0~295~-353^^0~M 292 -350 L 295 -347 L 298 -350#@$P~show~0~3~315~-320~270~gge4542~0^^315~-320^^M 315 -320 v -10~#880000^^1~319~-333.7~270~3~start~~~#0000FF^^1~314~-329.5~270~3~end~~~#0000FF^^0~315~-327^^0~M 318 -330 L 315 -333 L 312 -330#@$P~show~0~6~305~-360~90~gge4549~0^^305~-360^^M 305 -360 v 10~#880000^^1~309~-346.3~270~6~end~~~#0000FF^^1~304~-350.5~270~6~start~~~#0000FF^^0~305~-353^^0~M 302 -350 L 305 -347 L 308 -350#@$P~show~0~5~305~-320~270~gge4556~0^^305~-320^^M 305 -320 v -10~#880000^^1~309~-333.7~270~5~start~~~#0000FF^^1~304~-329.5~270~5~end~~~#0000FF^^0~305~-327^^0~M 308 -330 L 305 -333 L 302 -330#@$P~show~0~4~315~-360~90~gge4563~0^^315~-360^^M 315 -360 v 10~#880000^^1~319~-346.3~270~4~end~~~#0000FF^^1~314~-350.5~270~4~start~~~#0000FF^^0~315~-353^^0~M 312 -350 L 315 -347 L 318 -350#@$P~show~0~7~295~-320~270~gge4570~0^^295~-320^^M 295 -320 v -10~#880000^^1~299~-333.7~270~7~start~~~#0000FF^^1~294~-329.5~270~7~end~~~#0000FF^^0~295~-327^^0~M 298 -330 L 295 -333 L 292 -330#@$P~show~0~2~325~-360~90~gge4577~0^^325~-360^^M 325 -360 v 10~#880000^^1~329~-346.3~270~2~end~~~#0000FF^^1~324~-350.5~270~2~start~~~#0000FF^^0~325~-353^^0~M 322 -350 L 325 -347 L 328 -350","F~part_netLabel_netPort~295~-635~90~gge4648~~0^^295~-635^^A~#0000FF~298.5~-606.24~270~~1~Times New Roman~8pt~flag_gge10363^^PL~295 -635 300 -630 300 -615 290 -615 290 -630 295 -635~#0000FF~1~0~transparent~gge4652~0","F~part_netLabel_netPort~285~-635~90~gge4659~~0^^285~-635^^K1~#0000FF~288.5~-601.24~270~~1~Times New Roman~8pt~flag_gge10366^^PL~285 -635 290 -630 290 -615 280 -615 280 -630 285 -635~#0000FF~1~0~transparent~gge4663~0","F~part_netLabel_netPort~305~-635~90~gge4674~~0^^305~-635^^K0~#0000FF~309.98~-600.61~270~~1~Times New Roman~8pt~flag_gge10369^^PL~305 -635 310 -630 310 -615 300 -615 300 -630 305 -635~#0000FF~1~0~transparent~gge4678~0","F~part_netLabel_netPort~315~-635~90~gge4684~~0^^315~-635^^K9~#0000FF~319.98~-600.61~270~~1~Times New Roman~8pt~flag_gge10372^^PL~315 -635 320 -630 320 -615 310 -615 310 -630 315 -635~#0000FF~1~0~transparent~gge4688~0","F~part_netLabel_netPort~295~-675~270~gge4694~~0^^295~-675^^K7~#0000FF~298.5~-695.73~270~~1~Times New Roman~8pt~flag_gge10375^^PL~295 -675 290 -680 290 -695 300 -695 300 -680 295 -675~#0000FF~1~0~transparent~gge4698~0","F~part_netLabel_netPort~285~-675~270~gge4706~~0^^285~-675^^K3~#0000FF~288.5~-695.73~270~~1~Times New Roman~8pt~flag_gge10378^^PL~285 -675 280 -680 280 -695 290 -695 290 -680 285 -675~#0000FF~1~0~transparent~gge4710~0","F~part_netLabel_netPort~315~-675~270~gge4716~~0^^315~-675^^K8~#0000FF~318.5~-695.73~270~~1~Times New Roman~8pt~flag_gge10381^^PL~315 -675 310 -680 310 -695 320 -695 320 -680 315 -675~#0000FF~1~0~transparent~gge4720~0","O~305~-675~gge4726~M 301 -679 L 309 -671 M 309 -679 L 301 -671~#33cc33~0","F~part_netLabel_netPort~305~-360~270~gge4730~~0^^305~-360^^K5~#0000FF~308.49~-380.74~270~~1~Times New Roman~8pt~flag_gge10384^^PL~305 -360 300 -365 300 -380 310 -380 310 -365 305 -360~#0000FF~1~0~transparent~gge4734~0","F~part_netLabel_netPort~315~-360~270~gge4740~~0^^315~-360^^K6~#0000FF~318.5~-380.73~270~~1~Times New Roman~8pt~flag_gge10387^^PL~315 -360 310 -365 310 -380 320 -380 320 -365 315 -360~#0000FF~1~0~transparent~gge4744~0","F~part_netLabel_netPort~325~-360~270~gge4750~~0^^325~-360^^K2~#0000FF~328.5~-380.73~270~~1~Times New Roman~8pt~flag_gge10390^^PL~325 -360 320 -365 320 -380 330 -380 330 -365 325 -360~#0000FF~1~0~transparent~gge4754~0","F~part_netLabel_netPort~295~-360~270~gge4755~~0^^295~-360^^K4~#0000FF~298.5~-380.73~270~~1~Times New Roman~8pt~flag_gge10393^^PL~295 -360 290 -365 290 -380 300 -380 300 -365 295 -360~#0000FF~1~0~transparent~gge4759~0","F~part_netLabel_netPort~295~-320~90~gge4765~~0^^295~-320^^KL~#0000FF~298.5~-283.49~270~~1~Times New Roman~8pt~flag_gge10396^^PL~295 -320 300 -315 300 -300 290 -300 290 -315 295 -320~#0000FF~1~0~transparent~gge4769~0","F~part_netLabel_netPort~325~-320~90~gge4775~~0^^325~-320^^KR~#0000FF~328.5~-282.89~270~~1~Times New Roman~8pt~flag_gge10399^^PL~325 -320 330 -315 330 -300 320 -300 320 -315 325 -320~#0000FF~1~0~transparent~gge4779~0","O~305~-320~gge4785~M 301 -324 L 309 -316 M 309 -324 L 301 -316~#33cc33~0","O~315~-320~gge4787~M 311 -324 L 319 -316 M 319 -324 L 311 -316~#33cc33~0","T~L~765~-110~0~#0000FF~~9pt~~~~comment~IN-16 Socket~1~start~gge4805~0~pinpart","T~L~700~-110~0~#880000~~9pt~undefined~undefined~~comment~BOARD:~1~start~gge4807~0~pinpart","T~L~765~-95~0~#FF0000~~9pt~~~~comment~Use at your own risk~1~start~gge4809~0~pinpart","T~L~700~-95~0~#880000~~9pt~undefined~undefined~~comment~NOTE:~1~start~gge4811~0~pinpart","T~L~700~-125~0~#880000~~9pt~undefined~undefined~~comment~PROJECT:~1~start~gge4813~0~pinpart","T~L~765~-125~0~#0000FF~~9pt~~~~comment~Nixie Calculator~1~start~gge4815~0~pinpart","R~695~-140~~~444~50~#880000~1~0~none~gge4817~0~","T~L~1090~-15~0~#0000FF~~9pt~~~~comment~HighVoltGlow~1~end~gge10406~0~frame_title"],"BBox":{"x":0,"y":-806.7,"width":1149,"height":807.5},"colors":[]}}],"docType":5,"title":"Nixie Calculator IN-16 Socket","name":"Nixie Calculator IN-16 Socket"}